model_id,term_id,estimate,se_gaussian,se_HC3,hc3_to_gaussian_ratio
FULL_ADDITIVE_RAW,INTERCEPT,-23.33121358,26.58550397,29.64633724,1.11513166
FULL_ADDITIVE_RAW,CEMENT,0.11980433,0.00848902,0.00931251,1.09700635
FULL_ADDITIVE_RAW,SLAG,0.10386581,0.01013580,0.01152777,1.13733172
FULL_ADDITIVE_RAW,FLY_ASH,0.08793432,0.01258332,0.01314036,1.04426820
FULL_ADDITIVE_RAW,WATER,-0.14991842,0.04017704,0.04573796,1.13841054
FULL_ADDITIVE_RAW,SUPERPLASTICIZER,0.29222460,0.09342408,0.10539051,1.12808722
FULL_ADDITIVE_RAW,COARSE_AGGREGATE,0.01808621,0.00939224,0.01032721,1.09954753
FULL_ADDITIVE_RAW,FINE_AGGREGATE,0.02019035,0.01070168,0.01173577,1.09662839
FULL_ADDITIVE_RAW,AGE,0.11422207,0.00542715,0.00856523,1.57821939
