token_id,value_type,numeric_value,text_value,unit,display_format,status
CP01_DIAG__MODEL__FULL__N,integer,1030,,rows,integer,VERIFIED_REPLAY
CP01_DIAG__MODEL__FULL__P,integer,9,,columns,integer,VERIFIED_REPLAY
CP01_DIAG__MODEL__FULL__RANK,integer,9,,rank,integer,VERIFIED_REPLAY
CP01_DIAG__MODEL__FULL__DF_RESIDUAL,integer,1021,,df,integer,VERIFIED_REPLAY
CP01_DIAG__MODEL__FULL__RSS,float64,110413.15315711,,MPa2,fixed_8,VERIFIED_REPLAY
CP01_DIAG__MODEL__FULL__S2,float64,108.14216764,,MPa2,fixed_8,VERIFIED_REPLAY
CP01_DIAG__MODEL__FULL__S,float64,10.39914264,,MPa,fixed_8,VERIFIED_REPLAY
CP01_DIAG__MODEL__FULL__R2,float64,0.61551987,,dimensionless,fixed_8,VERIFIED_REPLAY
CP01_DIAG__MODEL__FULL__RMSE_IN_SAMPLE,float64,10.35360981,,MPa,fixed_8,VERIFIED_REPLAY
CP01_DIAG__MODEL__FULL__MAE_IN_SAMPLE,float64,8.21434371,,MPa,fixed_8,VERIFIED_REPLAY
CP01_DIAG__KOENKER__FULL__R2_AUX,float64,0.13320025,,dimensionless,fixed_8,VERIFIED_REPLAY
CP01_DIAG__KOENKER__FULL__LM,float64,137.19625978,,chi_square,fixed_8,VERIFIED_REPLAY
CP01_DIAG__KOENKER__FULL__DF,integer,8,,df,integer,VERIFIED_REPLAY
CP01_DIAG__KOENKER__FULL__P_ASYMPTOTIC,float64,9.08079028e-26,,p_value,scientific_8,VERIFIED_REPLAY
CP01_DIAG__RESIDUAL_BIN__B01__COUNT,integer,103,,rows,integer,VERIFIED_REPLAY
CP01_DIAG__RESIDUAL_BIN__B01__BOUNDARY_LO,float64,10.45576593,,MPa,fixed_8,VERIFIED_REPLAY
CP01_DIAG__RESIDUAL_BIN__B01__BOUNDARY_HI,float64,20.43665761,,MPa,fixed_8,VERIFIED_REPLAY
CP01_DIAG__RESIDUAL_BIN__B01__FITTED_MIN,float64,10.45576593,,MPa,fixed_8,VERIFIED_REPLAY
CP01_DIAG__RESIDUAL_BIN__B01__FITTED_MAX,float64,20.43201618,,MPa,fixed_8,VERIFIED_REPLAY
CP01_DIAG__RESIDUAL_BIN__B01__MEAN_RESIDUAL_MPA,float64,-1.97565501,,MPa,fixed_8,VERIFIED_REPLAY
CP01_DIAG__RESIDUAL_BIN__B01__RMS_RESIDUAL_MPA,float64,7.82705550,,MPa,fixed_8,VERIFIED_REPLAY
CP01_DIAG__RESIDUAL_BIN__B02__COUNT,integer,103,,rows,integer,VERIFIED_REPLAY
CP01_DIAG__RESIDUAL_BIN__B02__BOUNDARY_LO,float64,20.43665761,,MPa,fixed_8,VERIFIED_REPLAY
CP01_DIAG__RESIDUAL_BIN__B02__BOUNDARY_HI,float64,24.51951790,,MPa,fixed_8,VERIFIED_REPLAY
CP01_DIAG__RESIDUAL_BIN__B02__FITTED_MIN,float64,20.43717333,,MPa,fixed_8,VERIFIED_REPLAY
CP01_DIAG__RESIDUAL_BIN__B02__FITTED_MAX,float64,24.49313620,,MPa,fixed_8,VERIFIED_REPLAY
CP01_DIAG__RESIDUAL_BIN__B02__MEAN_RESIDUAL_MPA,float64,-1.81343632,,MPa,fixed_8,VERIFIED_REPLAY
CP01_DIAG__RESIDUAL_BIN__B02__RMS_RESIDUAL_MPA,float64,6.88173857,,MPa,fixed_8,VERIFIED_REPLAY
CP01_DIAG__RESIDUAL_BIN__B03__COUNT,integer,103,,rows,integer,VERIFIED_REPLAY
CP01_DIAG__RESIDUAL_BIN__B03__BOUNDARY_LO,float64,24.51951790,,MPa,fixed_8,VERIFIED_REPLAY
CP01_DIAG__RESIDUAL_BIN__B03__BOUNDARY_HI,float64,27.57840123,,MPa,fixed_8,VERIFIED_REPLAY
CP01_DIAG__RESIDUAL_BIN__B03__FITTED_MIN,float64,24.52611332,,MPa,fixed_8,VERIFIED_REPLAY
CP01_DIAG__RESIDUAL_BIN__B03__FITTED_MAX,float64,27.52926104,,MPa,fixed_8,VERIFIED_REPLAY
CP01_DIAG__RESIDUAL_BIN__B03__MEAN_RESIDUAL_MPA,float64,-1.89799521,,MPa,fixed_8,VERIFIED_REPLAY
CP01_DIAG__RESIDUAL_BIN__B03__RMS_RESIDUAL_MPA,float64,8.24175047,,MPa,fixed_8,VERIFIED_REPLAY
CP01_DIAG__RESIDUAL_BIN__B04__COUNT,integer,103,,rows,integer,VERIFIED_REPLAY
CP01_DIAG__RESIDUAL_BIN__B04__BOUNDARY_LO,float64,27.57840123,,MPa,fixed_8,VERIFIED_REPLAY
CP01_DIAG__RESIDUAL_BIN__B04__BOUNDARY_HI,float64,30.87341337,,MPa,fixed_8,VERIFIED_REPLAY
CP01_DIAG__RESIDUAL_BIN__B04__FITTED_MIN,float64,27.59946131,,MPa,fixed_8,VERIFIED_REPLAY
CP01_DIAG__RESIDUAL_BIN__B04__FITTED_MAX,float64,30.86346527,,MPa,fixed_8,VERIFIED_REPLAY
CP01_DIAG__RESIDUAL_BIN__B04__MEAN_RESIDUAL_MPA,float64,1.94431256,,MPa,fixed_8,VERIFIED_REPLAY
CP01_DIAG__RESIDUAL_BIN__B04__RMS_RESIDUAL_MPA,float64,8.56658197,,MPa,fixed_8,VERIFIED_REPLAY
CP01_DIAG__RESIDUAL_BIN__B05__COUNT,integer,103,,rows,integer,VERIFIED_REPLAY
CP01_DIAG__RESIDUAL_BIN__B05__BOUNDARY_LO,float64,30.87341337,,MPa,fixed_8,VERIFIED_REPLAY
CP01_DIAG__RESIDUAL_BIN__B05__BOUNDARY_HI,float64,33.45769999,,MPa,fixed_8,VERIFIED_REPLAY
CP01_DIAG__RESIDUAL_BIN__B05__FITTED_MIN,float64,30.88004543,,MPa,fixed_8,VERIFIED_REPLAY
CP01_DIAG__RESIDUAL_BIN__B05__FITTED_MAX,float64,33.44137108,,MPa,fixed_8,VERIFIED_REPLAY
CP01_DIAG__RESIDUAL_BIN__B05__MEAN_RESIDUAL_MPA,float64,-0.26101532,,MPa,fixed_8,VERIFIED_REPLAY
CP01_DIAG__RESIDUAL_BIN__B05__RMS_RESIDUAL_MPA,float64,9.35483830,,MPa,fixed_8,VERIFIED_REPLAY
CP01_DIAG__RESIDUAL_BIN__B06__COUNT,integer,103,,rows,integer,VERIFIED_REPLAY
CP01_DIAG__RESIDUAL_BIN__B06__BOUNDARY_LO,float64,33.45769999,,MPa,fixed_8,VERIFIED_REPLAY
CP01_DIAG__RESIDUAL_BIN__B06__BOUNDARY_HI,float64,36.58067880,,MPa,fixed_8,VERIFIED_REPLAY
CP01_DIAG__RESIDUAL_BIN__B06__FITTED_MIN,float64,33.47402889,,MPa,fixed_8,VERIFIED_REPLAY
CP01_DIAG__RESIDUAL_BIN__B06__FITTED_MAX,float64,36.57053778,,MPa,fixed_8,VERIFIED_REPLAY
CP01_DIAG__RESIDUAL_BIN__B06__MEAN_RESIDUAL_MPA,float64,1.94444729,,MPa,fixed_8,VERIFIED_REPLAY
CP01_DIAG__RESIDUAL_BIN__B06__RMS_RESIDUAL_MPA,float64,8.84778200,,MPa,fixed_8,VERIFIED_REPLAY
CP01_DIAG__RESIDUAL_BIN__B07__COUNT,integer,103,,rows,integer,VERIFIED_REPLAY
CP01_DIAG__RESIDUAL_BIN__B07__BOUNDARY_LO,float64,36.58067880,,MPa,fixed_8,VERIFIED_REPLAY
CP01_DIAG__RESIDUAL_BIN__B07__BOUNDARY_HI,float64,40.71841577,,MPa,fixed_8,VERIFIED_REPLAY
CP01_DIAG__RESIDUAL_BIN__B07__FITTED_MIN,float64,36.59589033,,MPa,fixed_8,VERIFIED_REPLAY
CP01_DIAG__RESIDUAL_BIN__B07__FITTED_MAX,float64,40.70504063,,MPa,fixed_8,VERIFIED_REPLAY
CP01_DIAG__RESIDUAL_BIN__B07__MEAN_RESIDUAL_MPA,float64,3.88990642,,MPa,fixed_8,VERIFIED_REPLAY
CP01_DIAG__RESIDUAL_BIN__B07__RMS_RESIDUAL_MPA,float64,10.01552657,,MPa,fixed_8,VERIFIED_REPLAY
CP01_DIAG__RESIDUAL_BIN__B08__COUNT,integer,103,,rows,integer,VERIFIED_REPLAY
CP01_DIAG__RESIDUAL_BIN__B08__BOUNDARY_LO,float64,40.71841577,,MPa,fixed_8,VERIFIED_REPLAY
CP01_DIAG__RESIDUAL_BIN__B08__BOUNDARY_HI,float64,48.81169039,,MPa,fixed_8,VERIFIED_REPLAY
CP01_DIAG__RESIDUAL_BIN__B08__FITTED_MIN,float64,40.74962442,,MPa,fixed_8,VERIFIED_REPLAY
CP01_DIAG__RESIDUAL_BIN__B08__FITTED_MAX,float64,48.80383879,,MPa,fixed_8,VERIFIED_REPLAY
CP01_DIAG__RESIDUAL_BIN__B08__MEAN_RESIDUAL_MPA,float64,2.18821782,,MPa,fixed_8,VERIFIED_REPLAY
CP01_DIAG__RESIDUAL_BIN__B08__RMS_RESIDUAL_MPA,float64,13.08116204,,MPa,fixed_8,VERIFIED_REPLAY
CP01_DIAG__RESIDUAL_BIN__B09__COUNT,integer,104,,rows,integer,VERIFIED_REPLAY
CP01_DIAG__RESIDUAL_BIN__B09__BOUNDARY_LO,float64,48.81169039,,MPa,fixed_8,VERIFIED_REPLAY
CP01_DIAG__RESIDUAL_BIN__B09__BOUNDARY_HI,float64,54.55747111,,MPa,fixed_8,VERIFIED_REPLAY
CP01_DIAG__RESIDUAL_BIN__B09__FITTED_MIN,float64,48.84309681,,MPa,fixed_8,VERIFIED_REPLAY
CP01_DIAG__RESIDUAL_BIN__B09__FITTED_MAX,float64,54.55747111,,MPa,fixed_8,VERIFIED_REPLAY
CP01_DIAG__RESIDUAL_BIN__B09__MEAN_RESIDUAL_MPA,float64,-2.39184153,,MPa,fixed_8,VERIFIED_REPLAY
CP01_DIAG__RESIDUAL_BIN__B09__RMS_RESIDUAL_MPA,float64,13.76121955,,MPa,fixed_8,VERIFIED_REPLAY
CP01_DIAG__RESIDUAL_BIN__B10__COUNT,integer,102,,rows,integer,VERIFIED_REPLAY
CP01_DIAG__RESIDUAL_BIN__B10__BOUNDARY_LO,float64,54.55747111,,MPa,fixed_8,VERIFIED_REPLAY
CP01_DIAG__RESIDUAL_BIN__B10__BOUNDARY_HI,float64,78.99087586,,MPa,fixed_8,VERIFIED_REPLAY
CP01_DIAG__RESIDUAL_BIN__B10__FITTED_MIN,float64,54.64314426,,MPa,fixed_8,VERIFIED_REPLAY
CP01_DIAG__RESIDUAL_BIN__B10__FITTED_MAX,float64,78.99087586,,MPa,fixed_8,VERIFIED_REPLAY
CP01_DIAG__RESIDUAL_BIN__B10__MEAN_RESIDUAL_MPA,float64,-1.61944169,,MPa,fixed_8,VERIFIED_REPLAY
CP01_DIAG__RESIDUAL_BIN__B10__RMS_RESIDUAL_MPA,float64,13.98223909,,MPa,fixed_8,VERIFIED_REPLAY
CP01_DIAG__HC3__FULL__INTERCEPT__ESTIMATE,float64,-23.33121358,,MPa,fixed_8,VERIFIED_REPLAY
CP01_DIAG__HC3__FULL__INTERCEPT__SE_GAUSSIAN,float64,26.58550397,,MPa,fixed_8,VERIFIED_REPLAY
CP01_DIAG__HC3__FULL__INTERCEPT__SE_HC3,float64,29.64633724,,MPa,fixed_8,VERIFIED_REPLAY
CP01_DIAG__HC3__FULL__INTERCEPT__RATIO_TO_GAUSSIAN,float64,1.11513166,,dimensionless,fixed_8,VERIFIED_REPLAY
CP01_DIAG__HC3__FULL__CEMENT__ESTIMATE,float64,0.11980433,,MPa_per_kg_per_m3,fixed_8,VERIFIED_REPLAY
CP01_DIAG__HC3__FULL__CEMENT__SE_GAUSSIAN,float64,0.00848902,,MPa_per_kg_per_m3,fixed_8,VERIFIED_REPLAY
CP01_DIAG__HC3__FULL__CEMENT__SE_HC3,float64,0.00931251,,MPa_per_kg_per_m3,fixed_8,VERIFIED_REPLAY
CP01_DIAG__HC3__FULL__CEMENT__RATIO_TO_GAUSSIAN,float64,1.09700635,,dimensionless,fixed_8,VERIFIED_REPLAY
CP01_DIAG__HC3__FULL__SLAG__ESTIMATE,float64,0.10386581,,MPa_per_kg_per_m3,fixed_8,VERIFIED_REPLAY
CP01_DIAG__HC3__FULL__SLAG__SE_GAUSSIAN,float64,0.01013580,,MPa_per_kg_per_m3,fixed_8,VERIFIED_REPLAY
CP01_DIAG__HC3__FULL__SLAG__SE_HC3,float64,0.01152777,,MPa_per_kg_per_m3,fixed_8,VERIFIED_REPLAY
CP01_DIAG__HC3__FULL__SLAG__RATIO_TO_GAUSSIAN,float64,1.13733172,,dimensionless,fixed_8,VERIFIED_REPLAY
CP01_DIAG__HC3__FULL__FLY_ASH__ESTIMATE,float64,0.08793432,,MPa_per_kg_per_m3,fixed_8,VERIFIED_REPLAY
CP01_DIAG__HC3__FULL__FLY_ASH__SE_GAUSSIAN,float64,0.01258332,,MPa_per_kg_per_m3,fixed_8,VERIFIED_REPLAY
CP01_DIAG__HC3__FULL__FLY_ASH__SE_HC3,float64,0.01314036,,MPa_per_kg_per_m3,fixed_8,VERIFIED_REPLAY
CP01_DIAG__HC3__FULL__FLY_ASH__RATIO_TO_GAUSSIAN,float64,1.04426820,,dimensionless,fixed_8,VERIFIED_REPLAY
CP01_DIAG__HC3__FULL__WATER__ESTIMATE,float64,-0.14991842,,MPa_per_kg_per_m3,fixed_8,VERIFIED_REPLAY
CP01_DIAG__HC3__FULL__WATER__SE_GAUSSIAN,float64,0.04017704,,MPa_per_kg_per_m3,fixed_8,VERIFIED_REPLAY
CP01_DIAG__HC3__FULL__WATER__SE_HC3,float64,0.04573796,,MPa_per_kg_per_m3,fixed_8,VERIFIED_REPLAY
CP01_DIAG__HC3__FULL__WATER__RATIO_TO_GAUSSIAN,float64,1.13841054,,dimensionless,fixed_8,VERIFIED_REPLAY
CP01_DIAG__HC3__FULL__SUPERPLASTICIZER__ESTIMATE,float64,0.29222460,,MPa_per_kg_per_m3,fixed_8,VERIFIED_REPLAY
CP01_DIAG__HC3__FULL__SUPERPLASTICIZER__SE_GAUSSIAN,float64,0.09342408,,MPa_per_kg_per_m3,fixed_8,VERIFIED_REPLAY
CP01_DIAG__HC3__FULL__SUPERPLASTICIZER__SE_HC3,float64,0.10539051,,MPa_per_kg_per_m3,fixed_8,VERIFIED_REPLAY
CP01_DIAG__HC3__FULL__SUPERPLASTICIZER__RATIO_TO_GAUSSIAN,float64,1.12808722,,dimensionless,fixed_8,VERIFIED_REPLAY
CP01_DIAG__HC3__FULL__COARSE_AGGREGATE__ESTIMATE,float64,0.01808621,,MPa_per_kg_per_m3,fixed_8,VERIFIED_REPLAY
CP01_DIAG__HC3__FULL__COARSE_AGGREGATE__SE_GAUSSIAN,float64,0.00939224,,MPa_per_kg_per_m3,fixed_8,VERIFIED_REPLAY
CP01_DIAG__HC3__FULL__COARSE_AGGREGATE__SE_HC3,float64,0.01032721,,MPa_per_kg_per_m3,fixed_8,VERIFIED_REPLAY
CP01_DIAG__HC3__FULL__COARSE_AGGREGATE__RATIO_TO_GAUSSIAN,float64,1.09954753,,dimensionless,fixed_8,VERIFIED_REPLAY
CP01_DIAG__HC3__FULL__FINE_AGGREGATE__ESTIMATE,float64,0.02019035,,MPa_per_kg_per_m3,fixed_8,VERIFIED_REPLAY
CP01_DIAG__HC3__FULL__FINE_AGGREGATE__SE_GAUSSIAN,float64,0.01070168,,MPa_per_kg_per_m3,fixed_8,VERIFIED_REPLAY
CP01_DIAG__HC3__FULL__FINE_AGGREGATE__SE_HC3,float64,0.01173577,,MPa_per_kg_per_m3,fixed_8,VERIFIED_REPLAY
CP01_DIAG__HC3__FULL__FINE_AGGREGATE__RATIO_TO_GAUSSIAN,float64,1.09662839,,dimensionless,fixed_8,VERIFIED_REPLAY
CP01_DIAG__HC3__FULL__AGE__ESTIMATE,float64,0.11422207,,MPa_per_day,fixed_8,VERIFIED_REPLAY
CP01_DIAG__HC3__FULL__AGE__SE_GAUSSIAN,float64,0.00542715,,MPa_per_day,fixed_8,VERIFIED_REPLAY
CP01_DIAG__HC3__FULL__AGE__SE_HC3,float64,0.00856523,,MPa_per_day,fixed_8,VERIFIED_REPLAY
CP01_DIAG__HC3__FULL__AGE__RATIO_TO_GAUSSIAN,float64,1.57821939,,dimensionless,fixed_8,VERIFIED_REPLAY
CP01_DIAG__HC3__BLOCK_SFP__W,float64,89.67343789,,chi_square,fixed_8,VERIFIED_REPLAY
CP01_DIAG__HC3__BLOCK_SFP__DF,integer,3,,df,integer,VERIFIED_REPLAY
CP01_DIAG__HC3__BLOCK_SFP__P_ASYMPTOTIC,float64,2.57452367e-19,,p_value,scientific_8,VERIFIED_REPLAY
CP01_DIAG__CONDITION__FULL__KAPPA2_RAW,float64,106074.57306674,,dimensionless,fixed_8,VERIFIED_REPLAY
CP01_DIAG__CONDITION__FULL__KAPPA2_SCALED,float64,8.71177872,,dimensionless,fixed_8,VERIFIED_REPLAY
CP01_DIAG__CONDITION__FULL__KAPPA2_XTX_SCALED,float64,75.89508844,,dimensionless,fixed_8,VERIFIED_REPLAY
CP01_DIAG__CONDITION__REDUCED__KAPPA2_RAW,float64,38120.36047688,,dimensionless,fixed_8,VERIFIED_REPLAY
CP01_DIAG__CONDITION__REDUCED__KAPPA2_SCALED,float64,2.22352417,,dimensionless,fixed_8,VERIFIED_REPLAY
CP01_DIAG__CONDITION__REDUCED__KAPPA2_XTX_SCALED,float64,4.94405974,,dimensionless,fixed_8,VERIFIED_REPLAY
CP01_DIAG__CONDITION__LOG_AGE__KAPPA2_RAW,float64,106093.23801095,,dimensionless,fixed_8,VERIFIED_REPLAY
CP01_DIAG__CONDITION__LOG_AGE__KAPPA2_SCALED,float64,8.54118981,,dimensionless,fixed_8,VERIFIED_REPLAY
CP01_DIAG__CONDITION__LOG_AGE__KAPPA2_XTX_SCALED,float64,72.95192334,,dimensionless,fixed_8,VERIFIED_REPLAY
CP01_DIAG__VIF__FULL__CEMENT__VALUE,float64,7.48894379,,dimensionless,fixed_8,VERIFIED_REPLAY
CP01_DIAG__VIF__FULL__SLAG__VALUE,float64,7.27696310,,dimensionless,fixed_8,VERIFIED_REPLAY
CP01_DIAG__VIF__FULL__FLY_ASH__VALUE,float64,6.17063432,,dimensionless,fixed_8,VERIFIED_REPLAY
CP01_DIAG__VIF__FULL__WATER__VALUE,float64,7.00395670,,dimensionless,fixed_8,VERIFIED_REPLAY
CP01_DIAG__VIF__FULL__SUPERPLASTICIZER__VALUE,float64,2.96377575,,dimensionless,fixed_8,VERIFIED_REPLAY
CP01_DIAG__VIF__FULL__COARSE_AGGREGATE__VALUE,float64,5.07461700,,dimensionless,fixed_8,VERIFIED_REPLAY
CP01_DIAG__VIF__FULL__FINE_AGGREGATE__VALUE,float64,7.00508141,,dimensionless,fixed_8,VERIFIED_REPLAY
CP01_DIAG__VIF__FULL__AGE__VALUE,float64,1.11836652,,dimensionless,fixed_8,VERIFIED_REPLAY
CP01_DIAG__INFLUENCE__MEAN_LEVERAGE_P_OVER_N,float64,0.00873786,,dimensionless,fixed_8,VERIFIED_REPLAY
CP01_DIAG__INFLUENCE__THRESHOLD_H_2P_OVER_N,float64,0.01747573,,dimensionless,fixed_8,VERIFIED_REPLAY
CP01_DIAG__INFLUENCE__THRESHOLD_H_3P_OVER_N,float64,0.02621359,,dimensionless,fixed_8,VERIFIED_REPLAY
CP01_DIAG__INFLUENCE__THRESHOLD_COOK_4_OVER_N,float64,0.00388350,,dimensionless,fixed_8,VERIFIED_REPLAY
CP01_DIAG__INFLUENCE__COUNT_H_GT_2P_OVER_N,integer,80,,dimensionless,integer,VERIFIED_REPLAY
CP01_DIAG__INFLUENCE__COUNT_H_GT_3P_OVER_N,integer,40,,dimensionless,integer,VERIFIED_REPLAY
CP01_DIAG__INFLUENCE__COUNT_ABS_T_GT_2,integer,51,,dimensionless,integer,VERIFIED_REPLAY
CP01_DIAG__INFLUENCE__COUNT_ABS_T_GT_3,integer,2,,dimensionless,integer,VERIFIED_REPLAY
CP01_DIAG__INFLUENCE__COUNT_COOK_GT_4_OVER_N,integer,79,,dimensionless,integer,VERIFIED_REPLAY
CP01_DIAG__INFLUENCE__COUNT_COOK_GT_1,integer,0,,dimensionless,integer,VERIFIED_REPLAY
CP01_DIAG__INFLUENCE__TOP_LEVERAGE__R01__ROW_ID,text,,CP01-R0067,row_id,text,VERIFIED_REPLAY
CP01_DIAG__INFLUENCE__TOP_LEVERAGE__R01__SOURCE_RECORD,integer,67,,record,integer,VERIFIED_REPLAY
CP01_DIAG__INFLUENCE__TOP_LEVERAGE__R01__SOURCE_LINE,integer,68,,line,integer,VERIFIED_REPLAY
CP01_DIAG__INFLUENCE__TOP_LEVERAGE__R01__LEVERAGE,float64,0.04107458,,dimensionless,fixed_8,VERIFIED_REPLAY
CP01_DIAG__INFLUENCE__TOP_LEVERAGE__R01__T_DELETED,float64,-1.77007287,,dimensionless,fixed_8,VERIFIED_REPLAY
CP01_DIAG__INFLUENCE__TOP_LEVERAGE__R01__COOK,float64,0.01488064,,dimensionless,fixed_8,VERIFIED_REPLAY
CP01_DIAG__INFLUENCE__TOP_LEVERAGE__R02__ROW_ID,text,,CP01-R0229,row_id,text,VERIFIED_REPLAY
CP01_DIAG__INFLUENCE__TOP_LEVERAGE__R02__SOURCE_RECORD,integer,229,,record,integer,VERIFIED_REPLAY
CP01_DIAG__INFLUENCE__TOP_LEVERAGE__R02__SOURCE_LINE,integer,230,,line,integer,VERIFIED_REPLAY
CP01_DIAG__INFLUENCE__TOP_LEVERAGE__R02__LEVERAGE,float64,0.03725630,,dimensionless,fixed_8,VERIFIED_REPLAY
CP01_DIAG__INFLUENCE__TOP_LEVERAGE__R02__T_DELETED,float64,-0.59455341,,dimensionless,fixed_8,VERIFIED_REPLAY
CP01_DIAG__INFLUENCE__TOP_LEVERAGE__R02__COOK,float64,0.00152091,,dimensionless,fixed_8,VERIFIED_REPLAY
CP01_DIAG__INFLUENCE__TOP_LEVERAGE__R03__ROW_ID,text,,CP01-R0228,row_id,text,VERIFIED_REPLAY
CP01_DIAG__INFLUENCE__TOP_LEVERAGE__R03__SOURCE_RECORD,integer,228,,record,integer,VERIFIED_REPLAY
CP01_DIAG__INFLUENCE__TOP_LEVERAGE__R03__SOURCE_LINE,integer,229,,line,integer,VERIFIED_REPLAY
CP01_DIAG__INFLUENCE__TOP_LEVERAGE__R03__LEVERAGE,float64,0.03536432,,dimensionless,fixed_8,VERIFIED_REPLAY
CP01_DIAG__INFLUENCE__TOP_LEVERAGE__R03__T_DELETED,float64,-0.72658082,,dimensionless,fixed_8,VERIFIED_REPLAY
CP01_DIAG__INFLUENCE__TOP_LEVERAGE__R03__COOK,float64,0.00215143,,dimensionless,fixed_8,VERIFIED_REPLAY
CP01_DIAG__INFLUENCE__TOP_LEVERAGE__R04__ROW_ID,text,,CP01-R0227,row_id,text,VERIFIED_REPLAY
CP01_DIAG__INFLUENCE__TOP_LEVERAGE__R04__SOURCE_RECORD,integer,227,,record,integer,VERIFIED_REPLAY
CP01_DIAG__INFLUENCE__TOP_LEVERAGE__R04__SOURCE_LINE,integer,228,,line,integer,VERIFIED_REPLAY
CP01_DIAG__INFLUENCE__TOP_LEVERAGE__R04__LEVERAGE,float64,0.03470942,,dimensionless,fixed_8,VERIFIED_REPLAY
CP01_DIAG__INFLUENCE__TOP_LEVERAGE__R04__T_DELETED,float64,-1.25653854,,dimensionless,fixed_8,VERIFIED_REPLAY
CP01_DIAG__INFLUENCE__TOP_LEVERAGE__R04__COOK,float64,0.00630452,,dimensionless,fixed_8,VERIFIED_REPLAY
CP01_DIAG__INFLUENCE__TOP_LEVERAGE__R05__ROW_ID,text,,CP01-R0226,row_id,text,VERIFIED_REPLAY
CP01_DIAG__INFLUENCE__TOP_LEVERAGE__R05__SOURCE_RECORD,integer,226,,record,integer,VERIFIED_REPLAY
CP01_DIAG__INFLUENCE__TOP_LEVERAGE__R05__SOURCE_LINE,integer,227,,line,integer,VERIFIED_REPLAY
CP01_DIAG__INFLUENCE__TOP_LEVERAGE__R05__LEVERAGE,float64,0.03454212,,dimensionless,fixed_8,VERIFIED_REPLAY
CP01_DIAG__INFLUENCE__TOP_LEVERAGE__R05__T_DELETED,float64,-1.72956349,,dimensionless,fixed_8,VERIFIED_REPLAY
CP01_DIAG__INFLUENCE__TOP_LEVERAGE__R05__COOK,float64,0.01186861,,dimensionless,fixed_8,VERIFIED_REPLAY
CP01_DIAG__INFLUENCE__TOP_ABS_T__R01__ROW_ID,text,,CP01-R0382,row_id,text,VERIFIED_REPLAY
CP01_DIAG__INFLUENCE__TOP_ABS_T__R01__SOURCE_RECORD,integer,382,,record,integer,VERIFIED_REPLAY
CP01_DIAG__INFLUENCE__TOP_ABS_T__R01__SOURCE_LINE,integer,383,,line,integer,VERIFIED_REPLAY
CP01_DIAG__INFLUENCE__TOP_ABS_T__R01__LEVERAGE,float64,0.01020119,,dimensionless,fixed_8,VERIFIED_REPLAY
CP01_DIAG__INFLUENCE__TOP_ABS_T__R01__T_DELETED,float64,3.34637213,,dimensionless,fixed_8,VERIFIED_REPLAY
CP01_DIAG__INFLUENCE__TOP_ABS_T__R01__COOK,float64,0.01269677,,dimensionless,fixed_8,VERIFIED_REPLAY
CP01_DIAG__INFLUENCE__TOP_ABS_T__R02__ROW_ID,text,,CP01-R0384,row_id,text,VERIFIED_REPLAY
CP01_DIAG__INFLUENCE__TOP_ABS_T__R02__SOURCE_RECORD,integer,384,,record,integer,VERIFIED_REPLAY
CP01_DIAG__INFLUENCE__TOP_ABS_T__R02__SOURCE_LINE,integer,385,,line,integer,VERIFIED_REPLAY
CP01_DIAG__INFLUENCE__TOP_ABS_T__R02__LEVERAGE,float64,0.00714528,,dimensionless,fixed_8,VERIFIED_REPLAY
CP01_DIAG__INFLUENCE__TOP_ABS_T__R02__T_DELETED,float64,3.16631259,,dimensionless,fixed_8,VERIFIED_REPLAY
CP01_DIAG__INFLUENCE__TOP_ABS_T__R02__COOK,float64,0.00794651,,dimensionless,fixed_8,VERIFIED_REPLAY
CP01_DIAG__INFLUENCE__TOP_ABS_T__R03__ROW_ID,text,,CP01-R0115,row_id,text,VERIFIED_REPLAY
CP01_DIAG__INFLUENCE__TOP_ABS_T__R03__SOURCE_RECORD,integer,115,,record,integer,VERIFIED_REPLAY
CP01_DIAG__INFLUENCE__TOP_ABS_T__R03__SOURCE_LINE,integer,116,,line,integer,VERIFIED_REPLAY
CP01_DIAG__INFLUENCE__TOP_ABS_T__R03__LEVERAGE,float64,0.00537549,,dimensionless,fixed_8,VERIFIED_REPLAY
CP01_DIAG__INFLUENCE__TOP_ABS_T__R03__T_DELETED,float64,-2.77190300,,dimensionless,fixed_8,VERIFIED_REPLAY
CP01_DIAG__INFLUENCE__TOP_ABS_T__R03__COOK,float64,0.00458394,,dimensionless,fixed_8,VERIFIED_REPLAY
CP01_DIAG__INFLUENCE__TOP_ABS_T__R04__ROW_ID,text,,CP01-R0057,row_id,text,VERIFIED_REPLAY
CP01_DIAG__INFLUENCE__TOP_ABS_T__R04__SOURCE_RECORD,integer,57,,record,integer,VERIFIED_REPLAY
CP01_DIAG__INFLUENCE__TOP_ABS_T__R04__SOURCE_LINE,integer,58,,line,integer,VERIFIED_REPLAY
CP01_DIAG__INFLUENCE__TOP_ABS_T__R04__LEVERAGE,float64,0.03136960,,dimensionless,fixed_8,VERIFIED_REPLAY
CP01_DIAG__INFLUENCE__TOP_ABS_T__R04__T_DELETED,float64,-2.74500556,,dimensionless,fixed_8,VERIFIED_REPLAY
CP01_DIAG__INFLUENCE__TOP_ABS_T__R04__COOK,float64,0.02694163,,dimensionless,fixed_8,VERIFIED_REPLAY
CP01_DIAG__INFLUENCE__TOP_ABS_T__R05__ROW_ID,text,,CP01-R0611,row_id,text,VERIFIED_REPLAY
CP01_DIAG__INFLUENCE__TOP_ABS_T__R05__SOURCE_RECORD,integer,611,,record,integer,VERIFIED_REPLAY
CP01_DIAG__INFLUENCE__TOP_ABS_T__R05__SOURCE_LINE,integer,612,,line,integer,VERIFIED_REPLAY
CP01_DIAG__INFLUENCE__TOP_ABS_T__R05__LEVERAGE,float64,0.03145035,,dimensionless,fixed_8,VERIFIED_REPLAY
CP01_DIAG__INFLUENCE__TOP_ABS_T__R05__T_DELETED,float64,-2.74417332,,dimensionless,fixed_8,VERIFIED_REPLAY
CP01_DIAG__INFLUENCE__TOP_ABS_T__R05__COOK,float64,0.02699698,,dimensionless,fixed_8,VERIFIED_REPLAY
CP01_DIAG__INFLUENCE__TOP_COOK__R01__ROW_ID,text,,CP01-R0611,row_id,text,VERIFIED_REPLAY
CP01_DIAG__INFLUENCE__TOP_COOK__R01__SOURCE_RECORD,integer,611,,record,integer,VERIFIED_REPLAY
CP01_DIAG__INFLUENCE__TOP_COOK__R01__SOURCE_LINE,integer,612,,line,integer,VERIFIED_REPLAY
CP01_DIAG__INFLUENCE__TOP_COOK__R01__LEVERAGE,float64,0.03145035,,dimensionless,fixed_8,VERIFIED_REPLAY
CP01_DIAG__INFLUENCE__TOP_COOK__R01__T_DELETED,float64,-2.74417332,,dimensionless,fixed_8,VERIFIED_REPLAY
CP01_DIAG__INFLUENCE__TOP_COOK__R01__COOK,float64,0.02699698,,dimensionless,fixed_8,VERIFIED_REPLAY
CP01_DIAG__INFLUENCE__TOP_COOK__R02__ROW_ID,text,,CP01-R0057,row_id,text,VERIFIED_REPLAY
CP01_DIAG__INFLUENCE__TOP_COOK__R02__SOURCE_RECORD,integer,57,,record,integer,VERIFIED_REPLAY
CP01_DIAG__INFLUENCE__TOP_COOK__R02__SOURCE_LINE,integer,58,,line,integer,VERIFIED_REPLAY
CP01_DIAG__INFLUENCE__TOP_COOK__R02__LEVERAGE,float64,0.03136960,,dimensionless,fixed_8,VERIFIED_REPLAY
CP01_DIAG__INFLUENCE__TOP_COOK__R02__T_DELETED,float64,-2.74500556,,dimensionless,fixed_8,VERIFIED_REPLAY
CP01_DIAG__INFLUENCE__TOP_COOK__R02__COOK,float64,0.02694163,,dimensionless,fixed_8,VERIFIED_REPLAY
CP01_DIAG__INFLUENCE__TOP_COOK__R03__ROW_ID,text,,CP01-R0225,row_id,text,VERIFIED_REPLAY
CP01_DIAG__INFLUENCE__TOP_COOK__R03__SOURCE_RECORD,integer,225,,record,integer,VERIFIED_REPLAY
CP01_DIAG__INFLUENCE__TOP_COOK__R03__SOURCE_LINE,integer,226,,line,integer,VERIFIED_REPLAY
CP01_DIAG__INFLUENCE__TOP_COOK__R03__LEVERAGE,float64,0.03448556,,dimensionless,fixed_8,VERIFIED_REPLAY
CP01_DIAG__INFLUENCE__TOP_COOK__R03__T_DELETED,float64,-2.59763984,,dimensionless,fixed_8,VERIFIED_REPLAY
CP01_DIAG__INFLUENCE__TOP_COOK__R03__COOK,float64,0.02662907,,dimensionless,fixed_8,VERIFIED_REPLAY
CP01_DIAG__INFLUENCE__TOP_COOK__R04__ROW_ID,text,,CP01-R0043,row_id,text,VERIFIED_REPLAY
CP01_DIAG__INFLUENCE__TOP_COOK__R04__SOURCE_RECORD,integer,43,,record,integer,VERIFIED_REPLAY
CP01_DIAG__INFLUENCE__TOP_COOK__R04__SOURCE_LINE,integer,44,,line,integer,VERIFIED_REPLAY
CP01_DIAG__INFLUENCE__TOP_COOK__R04__LEVERAGE,float64,0.03148094,,dimensionless,fixed_8,VERIFIED_REPLAY
CP01_DIAG__INFLUENCE__TOP_COOK__R04__T_DELETED,float64,-2.66072327,,dimensionless,fixed_8,VERIFIED_REPLAY
CP01_DIAG__INFLUENCE__TOP_COOK__R04__COOK,float64,0.02541664,,dimensionless,fixed_8,VERIFIED_REPLAY
CP01_DIAG__INFLUENCE__TOP_COOK__R05__ROW_ID,text,,CP01-R0004,row_id,text,VERIFIED_REPLAY
CP01_DIAG__INFLUENCE__TOP_COOK__R05__SOURCE_RECORD,integer,4,,record,integer,VERIFIED_REPLAY
CP01_DIAG__INFLUENCE__TOP_COOK__R05__SOURCE_LINE,integer,5,,line,integer,VERIFIED_REPLAY
CP01_DIAG__INFLUENCE__TOP_COOK__R05__LEVERAGE,float64,0.02871622,,dimensionless,fixed_8,VERIFIED_REPLAY
CP01_DIAG__INFLUENCE__TOP_COOK__R05__T_DELETED,float64,-2.60411695,,dimensionless,fixed_8,VERIFIED_REPLAY
CP01_DIAG__INFLUENCE__TOP_COOK__R05__COOK,float64,0.02215172,,dimensionless,fixed_8,VERIFIED_REPLAY
CP01_DIAG__DELETE_ONE__MAX_STANDARDIZED_COEF_SHIFT__ROW_ID,text,,CP01-R0225,row_id,text,VERIFIED_REPLAY
CP01_DIAG__DELETE_ONE__MAX_STANDARDIZED_COEF_SHIFT__TERM,text,,WATER,term_id,text,VERIFIED_REPLAY
CP01_DIAG__DELETE_ONE__MAX_STANDARDIZED_COEF_SHIFT__VALUE,float64,0.44057951,,primary_SE,fixed_8,VERIFIED_REPLAY
CP01_DIAG__DELETE_ONE__MAX_STANDARDIZED_COEF_SHIFT__FULL_ESTIMATE,float64,-0.14991842,,MPa_per_kg_per_m3,fixed_8,VERIFIED_REPLAY
CP01_DIAG__DELETE_ONE__MAX_STANDARDIZED_COEF_SHIFT__DELETED_ESTIMATE,float64,-0.16761960,,MPa_per_kg_per_m3,fixed_8,VERIFIED_REPLAY
CP01_DIAG__DELETE_ONE__MAX_STANDARDIZED_COEF_SHIFT__FULL_MINUS_DELETED,float64,0.01770118,,MPa_per_kg_per_m3,fixed_8,VERIFIED_REPLAY
CP01_DIAG__DELETE_ONE__ANY_COEF_SIGN_REVERSAL,boolean,,false,dimensionless,boolean,VERIFIED_REPLAY
CP01_DIAG__DELETE_ONE__MAX_COOK_ROW__AGE_FULL,float64,0.11422207,,MPa_per_day,fixed_8,VERIFIED_REPLAY
CP01_DIAG__DELETE_ONE__MAX_COOK_ROW__AGE_DELETED,float64,0.11659898,,MPa_per_day,fixed_8,VERIFIED_REPLAY
CP01_DIAG__SCREEN__LEVERAGE_ONLY_COUNT,integer,44,,rows,integer,VERIFIED_REPLAY
CP01_DIAG__SCREEN__COOK_ONLY_COUNT,integer,43,,rows,integer,VERIFIED_REPLAY
CP01_DIAG__SCREEN__INTERSECTION_COUNT,integer,36,,rows,integer,VERIFIED_REPLAY
CP01_DIAG__SCREEN__UNION_COUNT,integer,123,,rows,integer,VERIFIED_REPLAY
CP01_DIAG__SCREEN__RETAINED_COUNT,integer,907,,rows,integer,VERIFIED_REPLAY
CP01_DIAG__SCREEN__FULL_REFIT__P,integer,9,,columns,integer,VERIFIED_REPLAY
CP01_DIAG__SCREEN__FULL_REFIT__RANK,integer,9,,rank,integer,VERIFIED_REPLAY
CP01_DIAG__SCREEN__FULL_REFIT__DF_RESIDUAL,integer,898,,df,integer,VERIFIED_REPLAY
CP01_DIAG__SCREEN__FULL_REFIT__RSS,float64,55945.99928758,,MPa2,fixed_8,VERIFIED_REPLAY
CP01_DIAG__SCREEN__FULL_REFIT__S2,float64,62.30066736,,MPa2,fixed_8,VERIFIED_REPLAY
CP01_DIAG__SCREEN__FULL_REFIT__S,float64,7.89307718,,MPa,fixed_8,VERIFIED_REPLAY
CP01_DIAG__SCREEN__FULL_REFIT__R2_ON_RETAINED,float64,0.76471227,,dimensionless,fixed_8,VERIFIED_REPLAY
CP01_DIAG__SCREEN__FULL_REFIT__KAPPA2_SCALED,float64,9.47005812,,dimensionless,fixed_8,VERIFIED_REPLAY
CP01_DIAG__SCREEN__REDUCED_REFIT__P,integer,6,,columns,integer,VERIFIED_REPLAY
CP01_DIAG__SCREEN__REDUCED_REFIT__RANK,integer,6,,rank,integer,VERIFIED_REPLAY
CP01_DIAG__SCREEN__REDUCED_REFIT__DF_RESIDUAL,integer,901,,df,integer,VERIFIED_REPLAY
CP01_DIAG__SCREEN__REDUCED_REFIT__RSS,float64,67094.75185855,,MPa2,fixed_8,VERIFIED_REPLAY
CP01_DIAG__SCREEN__REDUCED_REFIT__S2,float64,74.46698319,,MPa2,fixed_8,VERIFIED_REPLAY
CP01_DIAG__SCREEN__REDUCED_REFIT__S,float64,8.62942543,,MPa,fixed_8,VERIFIED_REPLAY
CP01_DIAG__SCREEN__REDUCED_REFIT__R2_ON_RETAINED,float64,0.71782483,,dimensionless,fixed_8,VERIFIED_REPLAY
CP01_DIAG__SCREEN__REDUCED_REFIT__KAPPA2_SCALED,float64,2.00647671,,dimensionless,fixed_8,VERIFIED_REPLAY
CP01_DIAG__SCREEN__BLOCK_SFP__SS_EXTRA,float64,11148.75257096,,MPa2,fixed_8,VERIFIED_REPLAY
CP01_DIAG__SCREEN__BLOCK_SFP__F,float64,59.65025761,,F,fixed_8,VERIFIED_REPLAY
CP01_DIAG__SCREEN__BLOCK_SFP__DF1,integer,3,,df,integer,VERIFIED_REPLAY
CP01_DIAG__SCREEN__BLOCK_SFP__DF2,integer,898,,df,integer,VERIFIED_REPLAY
CP01_DIAG__SCREEN__BLOCK_SFP__P_F,float64,3.60370009e-35,,p_value,scientific_8,VERIFIED_REPLAY
CP01_DIAG__SCREEN__FULL_REFIT__COEF__INTERCEPT__ESTIMATE,float64,-1.89571229,,MPa,fixed_8,VERIFIED_REPLAY
CP01_DIAG__SCREEN__FULL_REFIT__COEF__INTERCEPT__DELTA_FROM_PRIMARY,float64,21.43550129,,MPa,fixed_8,VERIFIED_REPLAY
CP01_DIAG__SCREEN__FULL_REFIT__COEF__INTERCEPT__DELTA_IN_PRIMARY_SE,float64,0.80628531,,primary_SE,fixed_8,VERIFIED_REPLAY
CP01_DIAG__SCREEN__FULL_REFIT__COEF__CEMENT__ESTIMATE,float64,0.12182106,,MPa_per_kg_per_m3,fixed_8,VERIFIED_REPLAY
CP01_DIAG__SCREEN__FULL_REFIT__COEF__CEMENT__DELTA_FROM_PRIMARY,float64,0.00201673,,MPa_per_kg_per_m3,fixed_8,VERIFIED_REPLAY
CP01_DIAG__SCREEN__FULL_REFIT__COEF__CEMENT__DELTA_IN_PRIMARY_SE,float64,0.23756918,,primary_SE,fixed_8,VERIFIED_REPLAY
CP01_DIAG__SCREEN__FULL_REFIT__COEF__SLAG__ESTIMATE,float64,0.10492174,,MPa_per_kg_per_m3,fixed_8,VERIFIED_REPLAY
CP01_DIAG__SCREEN__FULL_REFIT__COEF__SLAG__DELTA_FROM_PRIMARY,float64,0.00105593,,MPa_per_kg_per_m3,fixed_8,VERIFIED_REPLAY
CP01_DIAG__SCREEN__FULL_REFIT__COEF__SLAG__DELTA_IN_PRIMARY_SE,float64,0.10417848,,primary_SE,fixed_8,VERIFIED_REPLAY
CP01_DIAG__SCREEN__FULL_REFIT__COEF__FLY_ASH__ESTIMATE,float64,0.07758453,,MPa_per_kg_per_m3,fixed_8,VERIFIED_REPLAY
CP01_DIAG__SCREEN__FULL_REFIT__COEF__FLY_ASH__DELTA_FROM_PRIMARY,float64,-0.01034979,,MPa_per_kg_per_m3,fixed_8,VERIFIED_REPLAY
CP01_DIAG__SCREEN__FULL_REFIT__COEF__FLY_ASH__DELTA_IN_PRIMARY_SE,float64,-0.82250110,,primary_SE,fixed_8,VERIFIED_REPLAY
CP01_DIAG__SCREEN__FULL_REFIT__COEF__WATER__ESTIMATE,float64,-0.21665343,,MPa_per_kg_per_m3,fixed_8,VERIFIED_REPLAY
CP01_DIAG__SCREEN__FULL_REFIT__COEF__WATER__DELTA_FROM_PRIMARY,float64,-0.06673501,,MPa_per_kg_per_m3,fixed_8,VERIFIED_REPLAY
CP01_DIAG__SCREEN__FULL_REFIT__COEF__WATER__DELTA_IN_PRIMARY_SE,float64,-1.66102372,,primary_SE,fixed_8,VERIFIED_REPLAY
CP01_DIAG__SCREEN__FULL_REFIT__COEF__SUPERPLASTICIZER__ESTIMATE,float64,0.36974232,,MPa_per_kg_per_m3,fixed_8,VERIFIED_REPLAY
CP01_DIAG__SCREEN__FULL_REFIT__COEF__SUPERPLASTICIZER__DELTA_FROM_PRIMARY,float64,0.07751772,,MPa_per_kg_per_m3,fixed_8,VERIFIED_REPLAY
CP01_DIAG__SCREEN__FULL_REFIT__COEF__SUPERPLASTICIZER__DELTA_IN_PRIMARY_SE,float64,0.82974028,,primary_SE,fixed_8,VERIFIED_REPLAY
CP01_DIAG__SCREEN__FULL_REFIT__COEF__COARSE_AGGREGATE__ESTIMATE,float64,0.01184271,,MPa_per_kg_per_m3,fixed_8,VERIFIED_REPLAY
CP01_DIAG__SCREEN__FULL_REFIT__COEF__COARSE_AGGREGATE__DELTA_FROM_PRIMARY,float64,-0.00624351,,MPa_per_kg_per_m3,fixed_8,VERIFIED_REPLAY
CP01_DIAG__SCREEN__FULL_REFIT__COEF__COARSE_AGGREGATE__DELTA_IN_PRIMARY_SE,float64,-0.66475173,,primary_SE,fixed_8,VERIFIED_REPLAY
CP01_DIAG__SCREEN__FULL_REFIT__COEF__FINE_AGGREGATE__ESTIMATE,float64,0.01231214,,MPa_per_kg_per_m3,fixed_8,VERIFIED_REPLAY
CP01_DIAG__SCREEN__FULL_REFIT__COEF__FINE_AGGREGATE__DELTA_FROM_PRIMARY,float64,-0.00787821,,MPa_per_kg_per_m3,fixed_8,VERIFIED_REPLAY
CP01_DIAG__SCREEN__FULL_REFIT__COEF__FINE_AGGREGATE__DELTA_IN_PRIMARY_SE,float64,-0.73616548,,primary_SE,fixed_8,VERIFIED_REPLAY
CP01_DIAG__SCREEN__FULL_REFIT__COEF__AGE__ESTIMATE,float64,0.20647805,,MPa_per_day,fixed_8,VERIFIED_REPLAY
CP01_DIAG__SCREEN__FULL_REFIT__COEF__AGE__DELTA_FROM_PRIMARY,float64,0.09225598,,MPa_per_day,fixed_8,VERIFIED_REPLAY
CP01_DIAG__SCREEN__FULL_REFIT__COEF__AGE__DELTA_IN_PRIMARY_SE,float64,16.99898093,,primary_SE,fixed_8,VERIFIED_REPLAY
CP01_DIAG__SCREEN__PREDICTION__SCREEN_COMPLEMENT__N,integer,907,,rows,integer,VERIFIED_REPLAY
CP01_DIAG__SCREEN__PREDICTION__SCREEN_COMPLEMENT__PRIMARY_RMSE,float64,8.77914108,,MPa,fixed_8,VERIFIED_REPLAY
CP01_DIAG__SCREEN__PREDICTION__SCREEN_COMPLEMENT__REFIT_RMSE,float64,7.85381875,,MPa,fixed_8,VERIFIED_REPLAY
CP01_DIAG__SCREEN__PREDICTION__SCREEN_COMPLEMENT__PRIMARY_MAE,float64,7.16061471,,MPa,fixed_8,VERIFIED_REPLAY
CP01_DIAG__SCREEN__PREDICTION__SCREEN_COMPLEMENT__REFIT_MAE,float64,6.15700602,,MPa,fixed_8,VERIFIED_REPLAY
CP01_DIAG__SCREEN__PREDICTION__SCREEN_COMPLEMENT__PREDICTION_DELTA_RMS,float64,3.92311728,,MPa,fixed_8,VERIFIED_REPLAY
CP01_DIAG__SCREEN__PREDICTION__SCREEN_COMPLEMENT__PREDICTION_DELTA_MAE,float64,2.66661017,,MPa,fixed_8,VERIFIED_REPLAY
CP01_DIAG__SCREEN__PREDICTION__SCREEN_COMPLEMENT__PREDICTION_DELTA_MAX_ABS,float64,20.76153329,,MPa,fixed_8,VERIFIED_REPLAY
CP01_DIAG__SCREEN__PREDICTION__SCREEN_UNION__N,integer,123,,rows,integer,VERIFIED_REPLAY
CP01_DIAG__SCREEN__PREDICTION__SCREEN_UNION__PRIMARY_RMSE,float64,18.14746588,,MPa,fixed_8,VERIFIED_REPLAY
CP01_DIAG__SCREEN__PREDICTION__SCREEN_UNION__REFIT_RMSE,float64,27.46931114,,MPa,fixed_8,VERIFIED_REPLAY
CP01_DIAG__SCREEN__PREDICTION__SCREEN_UNION__PRIMARY_MAE,float64,15.98452421,,MPa,fixed_8,VERIFIED_REPLAY
CP01_DIAG__SCREEN__PREDICTION__SCREEN_UNION__REFIT_MAE,float64,23.61488035,,MPa,fixed_8,VERIFIED_REPLAY
CP01_DIAG__SCREEN__PREDICTION__SCREEN_UNION__PREDICTION_DELTA_RMS,float64,14.08008502,,MPa,fixed_8,VERIFIED_REPLAY
CP01_DIAG__SCREEN__PREDICTION__SCREEN_UNION__PREDICTION_DELTA_MAE,float64,9.10611982,,MPa,fixed_8,VERIFIED_REPLAY
CP01_DIAG__SCREEN__PREDICTION__SCREEN_UNION__PREDICTION_DELTA_MAX_ABS,float64,30.44921381,,MPa,fixed_8,VERIFIED_REPLAY
CP01_DIAG__SCREEN__PREDICTION__ALL_ROWS__N,integer,1030,,rows,integer,VERIFIED_REPLAY
CP01_DIAG__SCREEN__PREDICTION__ALL_ROWS__PRIMARY_RMSE,float64,10.35360981,,MPa,fixed_8,VERIFIED_REPLAY
CP01_DIAG__SCREEN__PREDICTION__ALL_ROWS__REFIT_RMSE,float64,12.01767529,,MPa,fixed_8,VERIFIED_REPLAY
CP01_DIAG__SCREEN__PREDICTION__ALL_ROWS__PRIMARY_MAE,float64,8.21434371,,MPa,fixed_8,VERIFIED_REPLAY
CP01_DIAG__SCREEN__PREDICTION__ALL_ROWS__REFIT_MAE,float64,8.24178131,,MPa,fixed_8,VERIFIED_REPLAY
CP01_DIAG__SCREEN__PREDICTION__ALL_ROWS__PREDICTION_DELTA_RMS,float64,6.10141650,,MPa,fixed_8,VERIFIED_REPLAY
CP01_DIAG__SCREEN__PREDICTION__ALL_ROWS__PREDICTION_DELTA_MAE,float64,3.43560016,,MPa,fixed_8,VERIFIED_REPLAY
CP01_DIAG__SCREEN__PREDICTION__ALL_ROWS__PREDICTION_DELTA_MAX_ABS,float64,30.44921381,,MPa,fixed_8,VERIFIED_REPLAY
CP01_DIAG__SCREEN__REFERENCE_PROFILE__PRIMARY_MUHAT_MPA,float64,22.21180098,,MPa,fixed_8,VERIFIED_REPLAY
CP01_DIAG__SCREEN__REFERENCE_PROFILE__REFIT_MUHAT_MPA,float64,22.77079779,,MPa,fixed_8,VERIFIED_REPLAY
CP01_DIAG__SCREEN__REFERENCE_PROFILE__DELTA_MPA,float64,0.55899680,,MPa,fixed_8,VERIFIED_REPLAY
CP01_DIAG__SCREEN__MAX_ABS_COEF_DELTA_IN_PRIMARY_SE,float64,16.99898093,,primary_SE,fixed_8,VERIFIED_REPLAY
CP01_DIAG__SCREEN__MAX_ABS_COEF_DELTA_TERM,text,,AGE,term_id,text,VERIFIED_REPLAY
CP01_DIAG__LOG_AGE__N,integer,1030,,rows,integer,VERIFIED_REPLAY
CP01_DIAG__LOG_AGE__P,integer,9,,columns,integer,VERIFIED_REPLAY
CP01_DIAG__LOG_AGE__RANK,integer,9,,rank,integer,VERIFIED_REPLAY
CP01_DIAG__LOG_AGE__DF_RESIDUAL,integer,1021,,df,integer,VERIFIED_REPLAY
CP01_DIAG__LOG_AGE__RSS,float64,52119.82519362,,MPa2,fixed_8,VERIFIED_REPLAY
CP01_DIAG__LOG_AGE__S2,float64,51.04782095,,MPa2,fixed_8,VERIFIED_REPLAY
CP01_DIAG__LOG_AGE__S,float64,7.14477578,,MPa,fixed_8,VERIFIED_REPLAY
CP01_DIAG__LOG_AGE__R2,float64,0.81850861,,dimensionless,fixed_8,VERIFIED_REPLAY
CP01_DIAG__LOG_AGE__KAPPA2_RAW,float64,106093.23801095,,dimensionless,fixed_8,VERIFIED_REPLAY
CP01_DIAG__LOG_AGE__KAPPA2_SCALED,float64,8.54118981,,dimensionless,fixed_8,VERIFIED_REPLAY
CP01_DIAG__LOG_AGE__DOUBLING_AGE_DELTA_MPA,float64,6.06267770,,MPa,fixed_8,VERIFIED_REPLAY
CP01_DIAG__LOG_AGE__COUNT_H_GT_2P_OVER_N,integer,58,,rows,integer,VERIFIED_REPLAY
CP01_DIAG__LOG_AGE__COUNT_COOK_GT_4_OVER_N,integer,76,,rows,integer,VERIFIED_REPLAY
CP01_DIAG__LOG_AGE__MAX_LEVERAGE__ROW_ID,text,,CP01-R0229,row_id,text,VERIFIED_REPLAY
CP01_DIAG__LOG_AGE__MAX_LEVERAGE__VALUE,float64,0.03703279,,dimensionless,fixed_8,VERIFIED_REPLAY
CP01_DIAG__LOG_AGE__MAX_ABS_T__ROW_ID,text,,CP01-R0382,row_id,text,VERIFIED_REPLAY
CP01_DIAG__LOG_AGE__MAX_ABS_T__VALUE,float64,4.16980699,,dimensionless,fixed_8,VERIFIED_REPLAY
CP01_DIAG__LOG_AGE__MAX_COOK__ROW_ID,text,,CP01-R0382,row_id,text,VERIFIED_REPLAY
CP01_DIAG__LOG_AGE__MAX_COOK__VALUE,float64,0.02021056,,dimensionless,fixed_8,VERIFIED_REPLAY
CP01_DIAG__LOG_AGE__COEF__INTERCEPT__ESTIMATE,float64,-48.38794424,,MPa,fixed_8,VERIFIED_REPLAY
CP01_DIAG__LOG_AGE__COEF__CEMENT__ESTIMATE,float64,0.13485667,,coefficient,fixed_8,VERIFIED_REPLAY
CP01_DIAG__LOG_AGE__COEF__SLAG__ESTIMATE,float64,0.11594459,,coefficient,fixed_8,VERIFIED_REPLAY
CP01_DIAG__LOG_AGE__COEF__FLY_ASH__ESTIMATE,float64,0.09439083,,coefficient,fixed_8,VERIFIED_REPLAY
CP01_DIAG__LOG_AGE__COEF__WATER__ESTIMATE,float64,-0.12881665,,coefficient,fixed_8,VERIFIED_REPLAY
CP01_DIAG__LOG_AGE__COEF__SUPERPLASTICIZER__ESTIMATE,float64,0.11882222,,coefficient,fixed_8,VERIFIED_REPLAY
CP01_DIAG__LOG_AGE__COEF__COARSE_AGGREGATE__ESTIMATE,float64,0.02968071,,coefficient,fixed_8,VERIFIED_REPLAY
CP01_DIAG__LOG_AGE__COEF__FINE_AGGREGATE__ESTIMATE,float64,0.03598873,,coefficient,fixed_8,VERIFIED_REPLAY
CP01_DIAG__LOG_AGE__COEF__LOG_AGE_28__ESTIMATE,float64,8.74659505,,coefficient,fixed_8,VERIFIED_REPLAY
CP01_DIAG__KOENKER__LOG_AGE__R2_AUX,float64,0.09887139,,dimensionless,fixed_8,VERIFIED_REPLAY
CP01_DIAG__KOENKER__LOG_AGE__LM,float64,101.83753665,,chi_square,fixed_8,VERIFIED_REPLAY
CP01_DIAG__KOENKER__LOG_AGE__DF,integer,8,,df,integer,VERIFIED_REPLAY
CP01_DIAG__KOENKER__LOG_AGE__P_ASYMPTOTIC,float64,1.79709510e-18,,p_value,scientific_8,VERIFIED_REPLAY
CP01_DIAG__RESAMPLING__ANALYTIC_LOOCV__FULL__PRESS,float64,112899.07992414,,MPa2,fixed_8,VERIFIED_REPLAY
CP01_DIAG__RESAMPLING__ANALYTIC_LOOCV__FULL__MSE,float64,109.61075721,,MPa2,fixed_8,VERIFIED_REPLAY
CP01_DIAG__RESAMPLING__ANALYTIC_LOOCV__FULL__RMSE_MPA,float64,10.46951561,,MPa,fixed_8,VERIFIED_REPLAY
CP01_DIAG__RESAMPLING__ANALYTIC_LOOCV__FULL__MAE_MPA,float64,8.29601158,,MPa,fixed_8,VERIFIED_REPLAY
CP01_DIAG__RESAMPLING__ANALYTIC_LOOCV__FULL__MIN_TRAINING_RANK,integer,9,,rank,integer,VERIFIED_REPLAY
CP01_DIAG__RESAMPLING__ANALYTIC_LOOCV__REDUCED__PRESS,float64,125680.06908423,,MPa2,fixed_8,VERIFIED_REPLAY
CP01_DIAG__RESAMPLING__ANALYTIC_LOOCV__REDUCED__MSE,float64,122.01948455,,MPa2,fixed_8,VERIFIED_REPLAY
CP01_DIAG__RESAMPLING__ANALYTIC_LOOCV__REDUCED__RMSE_MPA,float64,11.04624301,,MPa,fixed_8,VERIFIED_REPLAY
CP01_DIAG__RESAMPLING__ANALYTIC_LOOCV__REDUCED__MAE_MPA,float64,8.75733850,,MPa,fixed_8,VERIFIED_REPLAY
CP01_DIAG__RESAMPLING__ANALYTIC_LOOCV__REDUCED__MIN_TRAINING_RANK,integer,6,,rank,integer,VERIFIED_REPLAY
CP01_DIAG__RESAMPLING__ANALYTIC_LOOCV__LOG_AGE__PRESS,float64,53224.57720879,,MPa2,fixed_8,VERIFIED_REPLAY
CP01_DIAG__RESAMPLING__ANALYTIC_LOOCV__LOG_AGE__MSE,float64,51.67434680,,MPa2,fixed_8,VERIFIED_REPLAY
CP01_DIAG__RESAMPLING__ANALYTIC_LOOCV__LOG_AGE__RMSE_MPA,float64,7.18848710,,MPa,fixed_8,VERIFIED_REPLAY
CP01_DIAG__RESAMPLING__ANALYTIC_LOOCV__LOG_AGE__MAE_MPA,float64,5.55131323,,MPa,fixed_8,VERIFIED_REPLAY
CP01_DIAG__RESAMPLING__ANALYTIC_LOOCV__LOG_AGE__MIN_TRAINING_RANK,integer,9,,rank,integer,VERIFIED_REPLAY
CP01_DIAG__RESAMPLING__EXACT_LOPPO__FULL__PRESS,float64,113198.60553926,,MPa2,fixed_8,VERIFIED_REPLAY
CP01_DIAG__RESAMPLING__EXACT_LOPPO__FULL__MSE,float64,109.90155878,,MPa2,fixed_8,VERIFIED_REPLAY
CP01_DIAG__RESAMPLING__EXACT_LOPPO__FULL__RMSE_MPA,float64,10.48339443,,MPa,fixed_8,VERIFIED_REPLAY
CP01_DIAG__RESAMPLING__EXACT_LOPPO__FULL__MAE_MPA,float64,8.30392410,,MPa,fixed_8,VERIFIED_REPLAY
CP01_DIAG__RESAMPLING__EXACT_LOPPO__FULL__MIN_TRAINING_RANK,integer,9,,rank,integer,VERIFIED_REPLAY
CP01_DIAG__RESAMPLING__EXACT_LOPPO__REDUCED__PRESS,float64,125914.02027621,,MPa2,fixed_8,VERIFIED_REPLAY
CP01_DIAG__RESAMPLING__EXACT_LOPPO__REDUCED__MSE,float64,122.24662163,,MPa2,fixed_8,VERIFIED_REPLAY
CP01_DIAG__RESAMPLING__EXACT_LOPPO__REDUCED__RMSE_MPA,float64,11.05651942,,MPa,fixed_8,VERIFIED_REPLAY
CP01_DIAG__RESAMPLING__EXACT_LOPPO__REDUCED__MAE_MPA,float64,8.76347931,,MPa,fixed_8,VERIFIED_REPLAY
CP01_DIAG__RESAMPLING__EXACT_LOPPO__REDUCED__MIN_TRAINING_RANK,integer,6,,rank,integer,VERIFIED_REPLAY
CP01_DIAG__RESAMPLING__EXACT_LOPPO__LOG_AGE__PRESS,float64,53324.24759644,,MPa2,fixed_8,VERIFIED_REPLAY
CP01_DIAG__RESAMPLING__EXACT_LOPPO__LOG_AGE__MSE,float64,51.77111417,,MPa2,fixed_8,VERIFIED_REPLAY
CP01_DIAG__RESAMPLING__EXACT_LOPPO__LOG_AGE__RMSE_MPA,float64,7.19521467,,MPa,fixed_8,VERIFIED_REPLAY
CP01_DIAG__RESAMPLING__EXACT_LOPPO__LOG_AGE__MAE_MPA,float64,5.55641551,,MPa,fixed_8,VERIFIED_REPLAY
CP01_DIAG__RESAMPLING__EXACT_LOPPO__LOG_AGE__MIN_TRAINING_RANK,integer,9,,rank,integer,VERIFIED_REPLAY
CP01_DIAG__RESAMPLING__SEED,null,,null,seed,literal,VERIFIED_REPLAY
CP01_DIAG__RESAMPLING__LOOCV__REDUCED_MINUS_FULL__MSE,float64,12.40872734,,MPa2,fixed_8,VERIFIED_REPLAY
CP01_DIAG__RESAMPLING__LOOCV__REDUCED_MINUS_FULL__RMSE_MPA,float64,0.57672739,,MPa,fixed_8,VERIFIED_REPLAY
CP01_DIAG__RESAMPLING__LOOCV__REDUCED_MINUS_FULL__MAE_MPA,float64,0.46132693,,MPa,fixed_8,VERIFIED_REPLAY
CP01_DIAG__RESAMPLING__LOPPO__REDUCED_MINUS_FULL__MSE,float64,12.34506285,,MPa2,fixed_8,VERIFIED_REPLAY
CP01_DIAG__RESAMPLING__LOPPO__REDUCED_MINUS_FULL__RMSE_MPA,float64,0.57312499,,MPa,fixed_8,VERIFIED_REPLAY
CP01_DIAG__RESAMPLING__LOPPO__REDUCED_MINUS_FULL__MAE_MPA,float64,0.45955521,,MPa,fixed_8,VERIFIED_REPLAY
CP01_DIAG__RESAMPLING__FULL__LOPPO_MINUS_LOOCV__MSE,float64,0.29080157,,MPa2,fixed_8,VERIFIED_REPLAY
CP01_DIAG__RESAMPLING__FULL__LOPPO_MINUS_LOOCV__RMSE_MPA,float64,0.01387882,,MPa,fixed_8,VERIFIED_REPLAY
CP01_DIAG__RESAMPLING__FULL__LOPPO_MINUS_LOOCV__MAE_MPA,float64,0.00791253,,MPa,fixed_8,VERIFIED_REPLAY
CP01_DIAG__PROFILE__UNIQUE_COUNT,integer,992,,profiles,integer,VERIFIED_REPLAY
CP01_DIAG__PROFILE__SINGLETON_COUNT,integer,973,,profiles,integer,VERIFIED_REPLAY
CP01_DIAG__PROFILE__REPEATED_COUNT,integer,19,,profiles,integer,VERIFIED_REPLAY
CP01_DIAG__PROFILE__REPEATED_ROW_COUNT,integer,57,,rows,integer,VERIFIED_REPLAY
CP01_DIAG__PROFILE__EXTRA_ROW_COUNT,integer,38,,rows,integer,VERIFIED_REPLAY
CP01_DIAG__PROFILE__SIZE_2_COUNT,integer,5,,profiles,integer,VERIFIED_REPLAY
CP01_DIAG__PROFILE__SIZE_3_COUNT,integer,9,,profiles,integer,VERIFIED_REPLAY
CP01_DIAG__PROFILE__SIZE_4_COUNT,integer,5,,profiles,integer,VERIFIED_REPLAY
CP01_DIAG__PROFILE__FULL__MAX_ABS_PREDICTION_DIFFERENCE_FROM_LOOCV_MPA,float64,0.40036479,,MPa,fixed_8,VERIFIED_REPLAY
CP01_DIAG__PROFILE__FULL__MEAN_ABS_PREDICTION_DIFFERENCE_FROM_LOOCV_MPA,float64,0.16641849,,MPa,fixed_8,VERIFIED_REPLAY
CP01_DIAG__LABEL__RESIDUAL_PATTERN,text,,CURVATURE_AND_INCREASING_SCALE,label,text,VERIFIED_REPLAY
CP01_DIAG__LABEL__HETERO_SUMMARY,text,,KOENKER_STRONG_FLAG__HC3_ALL_SE_LARGER__MEAN_MISSPECIFICATION_REMAINS,label,text,VERIFIED_REPLAY
CP01_DIAG__LABEL__HC3_BLOCK,text,,BLOCK_REMAINS_NONZERO_UNDER_HC3_ASYMPTOTIC_WALD,label,text,VERIFIED_REPLAY
CP01_DIAG__LABEL__SCREEN_SENSITIVITY,text,,MATERIAL_TARGET_SHIFT_DO_NOT_REPLACE_PRIMARY,label,text,VERIFIED_REPLAY
CP01_DIAG__LABEL__PROFILE_RANKING,text,,LOG_AGE_BEST__FULL_SECOND__REDUCED_THIRD__MSE_AND_MAE,label,text,VERIFIED_REPLAY
CP01_DIAG__LABEL__OVERALL_STABILITY,text,,BLOCK_AND_FULL_VS_REDUCED_STABLE__RAW_AGE_SPECIFICATION_UNSTABLE,label,text,VERIFIED_REPLAY
CP01_DIAG__LABEL__INTERACTION_SCOPE,text,,UNTESTED_LIMITATION__NO_INTERACTION_MODEL_FITTED,label,text,VERIFIED_REPLAY
CP01_DIAG__ALT__RESIDUALS_FITTED,text,,"Dua panel diagnostik model umur mentah: rataan sisaan per bin berganti tanda, sedangkan RMS sisaan meningkat dari 7,83 MPa pada bin suaian terendah menjadi 13,98 MPa pada bin tertinggi; pola meragukan linearitas rataan dan skala konstan.",alt_text,text,VERIFIED_REPLAY
CP01_DIAG__ALT__RESIDUAL_QUANTILES,text,,"Q--Q sisaan terstudentisasi eksternal untuk 1.030 campuran; 2 nilai positif melewati 3 dan nilai absolut terbesar 3,346 pada CP01-R0382, tetapi plot kuantil tidak membuktikan normalitas.",alt_text,text,VERIFIED_REPLAY
CP01_DIAG__ALT__INFLUENCE,text,,"Leverage, sisaan terstudentisasi, dan jarak Cook mencapai maksimum pada tiga baris berbeda: CP01-R0067 memiliki leverage 0,0411, CP01-R0382 memiliki sisaan terstudentisasi 3,346, dan CP01-R0611 memiliki jarak Cook 0,0270; tidak ada jarak Cook di atas 1 dan penyaringan tidak memberi izin penghapusan.",alt_text,text,VERIFIED_REPLAY
CP01_DIAG__ALT__COEFFICIENT_UNCERTAINTY,text,,"Galat baku HC3 lebih besar daripada galat baku klasik untuk kesembilan koefisien penuh; rasio terbesar 1,578 terjadi pada umur, sedangkan uji Wald HC3 blok terak, abu terbang, dan superplasticizer tetap kuat.",alt_text,text,VERIFIED_REPLAY
CP01_DIAG__ALT__MODEL_SENSITIVITY,text,,"RMSE tahan model penuh adalah 10,470 pada LOOCV dan 10,483 pada penghapusan satu profil; transformasi log umur memberi sekitar 7,19 pada keduanya, sedangkan pemasangan ulang setelah menyaring 123 baris mengubah prediksi sampai 30,45 MPa dan bukan pengganti model utama.",alt_text,text,VERIFIED_REPLAY
