relative_path,role,source_url,bytes,sha256,last_modified,etag,verification
authority/upstream/random/point/Sufficient.html,authority,https://www.randomservices.org/random/point/Sufficient.html,57507,4d7402f2a960ea2b4232e57e4ee5992ac29801b9269f300f17f8e83074d5a0e4,"Fri, 13 Mar 2026 16:38:20 GMT","""e0a3-69b43d7c-721ef416796205b5;;;""",live-reverified-2026-08-28
authority/witness/random/index.html,rights-witness,https://www.randomservices.org/random/index.html,22462,a26f07b700c9de8c7ce83e5a2f38e1e676ed5b085fec8c4a52bb44abefaa8ba8,"Fri, 13 Mar 2026 16:27:20 GMT","""57be-69b43ae8-897d0fc6cf830c74;;;""",live-reverified-2026-08-28
authority/witness/random/Credits.html,rights-witness,https://www.randomservices.org/random/Credits.html,6467,2d28d0293b41b71d08a531d37399205f657fbed77592c8f7acd54bf2a54113bf,"Fri, 13 Mar 2026 20:03:52 GMT","""1943-69b46da8-7813466702ad358;;;""",live-reverified-2026-08-28
authority/upstream/random/Screen.css,asset,https://www.randomservices.org/random/Screen.css,5433,589035811781debb33e3aa90ca0f376532b8ade30d54fad5c56838bec5c8d707,"Fri, 13 Mar 2026 16:27:20 GMT","""1539-69b43ae8-f959d9a730bcc355;;;""",live-reverified-2026-08-28
authority/upstream/random/Basic.js,asset,https://www.randomservices.org/random/Basic.js,935,006372877a2b384e20c3e1a364ddde4791890ad02020f654c22372206891b00b,"Fri, 13 Mar 2026 16:27:20 GMT","""3a7-69b43ae8-72b07f6b8ff60c95;;;""",live-reverified-2026-08-28
authority/upstream/random/icons/Icon.svg,asset,https://www.randomservices.org/random/icons/Icon.svg,373,09ccb2c9f9c50cd4d7a1c867fa112534afa56a12ef0f8a96a0d682ec6b8a9d8b,"Fri, 13 Mar 2026 16:36:27 GMT","""175-69b43d0b-ef7e72258da55a39;;;""",live-reverified-2026-08-28
authority/upstream/random/icons/Plus.svg,asset,https://www.randomservices.org/random/icons/Plus.svg,291,1bd78cdc7997d6237bc809cef5f36e074c551ec3224b226c38735be898bc439a,"Fri, 13 Mar 2026 16:36:27 GMT","""123-69b43d0b-847e4398f23a9eee;;;""",live-reverified-2026-08-28
authority/upstream/random/icons/Minus.svg,asset,https://www.randomservices.org/random/icons/Minus.svg,223,a55a72ce346d0fe73318fecfa994c7fda8766694a448c3b968122df7a916d7fc,"Fri, 13 Mar 2026 16:36:27 GMT","""df-69b43d0b-4ed37e25e0370a27;;;""",live-reverified-2026-08-28
authority/upstream/MathJax/tex-svg.js,runtime,https://www.randomservices.org/MathJax/tex-svg.js,1704911,dba9c7e8646389650c445e0547023942bed229b3fdb9513b1c6c01237af0b81a,"Fri, 13 Mar 2026 16:51:33 GMT","""1a03cf-69b44095-d1c9dbbc04e43965;;;""",live-reverified-2026-08-28
authority/runtime/MathJax-3.1.2/input/tex/extensions/boldsymbol.js,runtime,https://raw.githubusercontent.com/mathjax/MathJax/3.1.2/es5/input/tex/extensions/boldsymbol.js,4709,716cf8735d00abfb1627f8adbbf4aeb915ac9b5c55d47aeaf276e73dac6a2aa1,,,official-tag-live-reverified-2026-08-28
authority/runtime/MathJax-3.1.2/LICENSE.txt,license,https://github.com/mathjax/MathJax-src/blob/3.1.2/LICENSE,11358,cfc7749b96f63bd31c3c42b5c471bf756814053e847c10f3eb003417bc523d30,,,sibling-freeze
