record_type,scenario_id,denominator_id,prior_id,kappa,contrast_id,contrast_family,left_cell_id,left_cell_label,right_cell_id,right_cell_label,estimand,posterior_mean,posterior_median,credible_low_95,credible_high_95,prob_gt_zero,mcse,draws,rng,rng_seed,rng_stream,moment_status,conditional_on_model_assumptions,status,reason
contrast,prior_kappa_1,primary_conservative_method_1,beta_0p5_0p5,1,PTT_minus_VHF_2019,transmitter_within_shared_year,CP02-PTT-2019,PTT — 2019,CP02-VHF-2019,VHF — 2019,probability_difference,0.0136452241715399,0.0162281237749812,-0.159317762945184,0.172912360937736,0.59317,0.00155344568974908,100000,NumPy PCG64,2026083002,1000,finite,true,ok_conditional_monte_carlo,Exact difference mean; PCG64 median/equal-tail interval/direction probability.
contrast,prior_kappa_1,primary_conservative_method_1,beta_0p5_0p5,1,PTT_minus_VHF_2019,transmitter_within_shared_year,CP02-PTT-2019,PTT — 2019,CP02-VHF-2019,VHF — 2019,odds_ratio,,1.30728957322447,0.140773272141275,19.1657195930203,0.59317,0.00155344568974908,100000,NumPy PCG64,2026083002,1000,finite_but_mean_not_reported_by_contract,true,ok_conditional_monte_carlo,Median/equal-tail quantiles only; no finite mean is reported. The mean is deliberately omitted for schema consistency.
contrast,prior_kappa_1,primary_conservative_method_1,beta_0p5_0p5,1,PTT_minus_VHF_2020,transmitter_within_shared_year,CP02-PTT-2020,PTT — 2020,CP02-VHF-2020,VHF — 2020,probability_difference,-0.0481818181818182,-0.0394468068246162,-0.186059793127242,0.0550311786445712,0.15653,0.00114903593982086,100000,NumPy PCG64,2026083002,1001,finite,true,ok_conditional_monte_carlo,Exact difference mean; PCG64 median/equal-tail interval/direction probability.
contrast,prior_kappa_1,primary_conservative_method_1,beta_0p5_0p5,1,PTT_minus_VHF_2020,transmitter_within_shared_year,CP02-PTT-2020,PTT — 2020,CP02-VHF-2020,VHF — 2020,odds_ratio,,0.160149547458942,0.000308394038498104,5.05138042244613,0.15653,0.00114903593982086,100000,NumPy PCG64,2026083002,1001,finite_but_mean_not_reported_by_contract,true,ok_conditional_monte_carlo,Median/equal-tail quantiles only; no finite mean is reported. The mean is deliberately omitted for schema consistency.
contrast,prior_kappa_1,primary_conservative_method_1,beta_0p5_0p5,1,PTT_minus_VHF_2021,transmitter_within_shared_year,CP02-PTT-2021,PTT — 2021,CP02-VHF-2021,VHF — 2021,probability_difference,-0.030812324929972,-0.0310154362983421,-0.222457097512815,0.168556966191637,0.35559,0.00151375609627179,100000,NumPy PCG64,2026083002,1002,finite,true,ok_conditional_monte_carlo,Exact difference mean; PCG64 median/equal-tail interval/direction probability.
contrast,prior_kappa_1,primary_conservative_method_1,beta_0p5_0p5,1,PTT_minus_VHF_2021,transmitter_within_shared_year,CP02-PTT-2021,PTT — 2021,CP02-VHF-2021,VHF — 2021,odds_ratio,,0.648723846404818,0.0440549993038832,6.15527555854198,0.35559,0.00151375609627179,100000,NumPy PCG64,2026083002,1002,finite_but_mean_not_reported_by_contract,true,ok_conditional_monte_carlo,Median/equal-tail quantiles only; no finite mean is reported. The mean is deliberately omitted for schema consistency.
contrast,prior_kappa_1,primary_conservative_method_1,beta_0p5_0p5,1,PTT_minus_VHF_2022,transmitter_within_shared_year,CP02-PTT-2022,PTT — 2022,CP02-VHF-2022,VHF — 2022,probability_difference,0.0184615384615384,0.00563108116061789,-0.078433506506346,0.170133112762326,0.60838,0.00154354713436293,100000,NumPy PCG64,2026083002,1003,finite,true,ok_conditional_monte_carlo,Exact difference mean; PCG64 median/equal-tail interval/direction probability.
contrast,prior_kappa_1,primary_conservative_method_1,beta_0p5_0p5,1,PTT_minus_VHF_2022,transmitter_within_shared_year,CP02-PTT-2022,PTT — 2022,CP02-VHF-2022,VHF — 2022,odds_ratio,,1.9876986866235,0.00273679891799386,1301.42375873974,0.60838,0.00154354713436293,100000,NumPy PCG64,2026083002,1003,infinite_moment,true,ok_conditional_monte_carlo,Median/equal-tail quantiles only; no finite mean is reported. The mathematical posterior mean diverges for these shapes.
contrast,prior_kappa_1,primary_conservative_method_1,beta_0p5_0p5,1,VHF_2016_minus_2015,adjacent_year_within_transmitter,CP02-VHF-2016,VHF — 2016,CP02-VHF-2015,VHF — 2015,probability_difference,0.0160984848484849,0.00488107662686882,-0.0586209616627767,0.140127332249338,0.61632,0.00153775699510683,100000,NumPy PCG64,2026083002,1004,finite,true,ok_conditional_monte_carlo,Exact difference mean; PCG64 median/equal-tail interval/direction probability.
contrast,prior_kappa_1,primary_conservative_method_1,beta_0p5_0p5,1,VHF_2016_minus_2015,adjacent_year_within_transmitter,CP02-VHF-2016,VHF — 2016,CP02-VHF-2015,VHF — 2015,odds_ratio,,2.14012879414733,0.00329815521699677,1314.46147089072,0.61632,0.00153775699510683,100000,NumPy PCG64,2026083002,1004,infinite_moment,true,ok_conditional_monte_carlo,Median/equal-tail quantiles only; no finite mean is reported. The mathematical posterior mean diverges for these shapes.
contrast,prior_kappa_1,primary_conservative_method_1,beta_0p5_0p5,1,VHF_2017_minus_2016,adjacent_year_within_transmitter,CP02-VHF-2017,VHF — 2017,CP02-VHF-2016,VHF — 2016,probability_difference,-0.00984848484848488,-0.00265039312956616,-0.110368494106325,0.0606441963581629,0.41952,0.0015605222510429,100000,NumPy PCG64,2026083002,1005,finite,true,ok_conditional_monte_carlo,Exact difference mean; PCG64 median/equal-tail interval/direction probability.
contrast,prior_kappa_1,primary_conservative_method_1,beta_0p5_0p5,1,VHF_2017_minus_2016,adjacent_year_within_transmitter,CP02-VHF-2017,VHF — 2017,CP02-VHF-2016,VHF — 2016,odds_ratio,,0.593863934164905,0.000896156072128251,400.679998414651,0.41952,0.0015605222510429,100000,NumPy PCG64,2026083002,1005,infinite_moment,true,ok_conditional_monte_carlo,Median/equal-tail quantiles only; no finite mean is reported. The mathematical posterior mean diverges for these shapes.
contrast,prior_kappa_1,primary_conservative_method_1,beta_0p5_0p5,1,VHF_2018_minus_2017,adjacent_year_within_transmitter,CP02-VHF-2018,VHF — 2018,CP02-VHF-2017,VHF — 2017,probability_difference,0.00576923076923075,0.00137986122790651,-0.0793921716931641,0.109091397062484,0.54454,0.00157485297218502,100000,NumPy PCG64,2026083002,1006,finite,true,ok_conditional_monte_carlo,Exact difference mean; PCG64 median/equal-tail interval/direction probability.
contrast,prior_kappa_1,primary_conservative_method_1,beta_0p5_0p5,1,VHF_2018_minus_2017,adjacent_year_within_transmitter,CP02-VHF-2018,VHF — 2018,CP02-VHF-2017,VHF — 2017,odds_ratio,,1.32867416832074,0.00193052786711443,800.08510727319,0.54454,0.00157485297218502,100000,NumPy PCG64,2026083002,1006,infinite_moment,true,ok_conditional_monte_carlo,Median/equal-tail quantiles only; no finite mean is reported. The mathematical posterior mean diverges for these shapes.
contrast,prior_kappa_1,primary_conservative_method_1,beta_0p5_0p5,1,VHF_2019_minus_2018,adjacent_year_within_transmitter,CP02-VHF-2019,VHF — 2019,CP02-VHF-2018,VHF — 2018,probability_difference,-0.0733618233618233,-0.0657818901038201,-0.210623389960896,0.0324811840875094,0.07583,0.000837136853208602,100000,NumPy PCG64,2026083002,1007,finite,true,ok_conditional_monte_carlo,Exact difference mean; PCG64 median/equal-tail interval/direction probability.
contrast,prior_kappa_1,primary_conservative_method_1,beta_0p5_0p5,1,VHF_2019_minus_2018,adjacent_year_within_transmitter,CP02-VHF-2019,VHF — 2019,CP02-VHF-2018,VHF — 2018,odds_ratio,,0.100923367219601,0.000205854125592,2.04920360129061,0.07583,0.000837136853208602,100000,NumPy PCG64,2026083002,1007,finite_but_mean_not_reported_by_contract,true,ok_conditional_monte_carlo,Median/equal-tail quantiles only; no finite mean is reported. The mean is deliberately omitted for schema consistency.
contrast,prior_kappa_1,primary_conservative_method_1,beta_0p5_0p5,1,VHF_2020_minus_2019,adjacent_year_within_transmitter,CP02-VHF-2020,VHF — 2020,CP02-VHF-2019,VHF — 2019,probability_difference,0.0725925925925925,0.065763589873545,-0.0351484393471631,0.210707923491821,0.92007,0.000857561631021351,100000,NumPy PCG64,2026083002,1008,finite,true,ok_conditional_monte_carlo,Exact difference mean; PCG64 median/equal-tail interval/direction probability.
contrast,prior_kappa_1,primary_conservative_method_1,beta_0p5_0p5,1,VHF_2020_minus_2019,adjacent_year_within_transmitter,CP02-VHF-2020,VHF — 2020,CP02-VHF-2019,VHF — 2019,odds_ratio,,9.547926235962,0.470272183702949,4580.17679333885,0.92007,0.000857561631021351,100000,NumPy PCG64,2026083002,1008,infinite_moment,true,ok_conditional_monte_carlo,Median/equal-tail quantiles only; no finite mean is reported. The mathematical posterior mean diverges for these shapes.
contrast,prior_kappa_1,primary_conservative_method_1,beta_0p5_0p5,1,VHF_2021_minus_2020,adjacent_year_within_transmitter,CP02-VHF-2021,VHF — 2021,CP02-VHF-2020,VHF — 2020,probability_difference,-0.0682352941176471,-0.0559992133432177,-0.241758271629105,0.0460760617479171,0.12012,0.00102806218488961,100000,NumPy PCG64,2026083002,1009,finite,true,ok_conditional_monte_carlo,Exact difference mean; PCG64 median/equal-tail interval/direction probability.
contrast,prior_kappa_1,primary_conservative_method_1,beta_0p5_0p5,1,VHF_2021_minus_2020,adjacent_year_within_transmitter,CP02-VHF-2021,VHF — 2021,CP02-VHF-2020,VHF — 2020,odds_ratio,,0.120684040591071,0.000230185152274897,3.89939438945429,0.12012,0.00102806218488961,100000,NumPy PCG64,2026083002,1009,finite_but_mean_not_reported_by_contract,true,ok_conditional_monte_carlo,Median/equal-tail quantiles only; no finite mean is reported. The mean is deliberately omitted for schema consistency.
contrast,prior_kappa_1,primary_conservative_method_1,beta_0p5_0p5,1,VHF_2022_minus_2021,adjacent_year_within_transmitter,CP02-VHF-2022,VHF — 2022,CP02-VHF-2021,VHF — 2021,probability_difference,0.0497737556561086,0.0432579948008155,-0.12116845439485,0.232574321704001,0.77562,0.00131921800927671,100000,NumPy PCG64,2026083002,1010,finite,true,ok_conditional_monte_carlo,Exact difference mean; PCG64 median/equal-tail interval/direction probability.
contrast,prior_kappa_1,primary_conservative_method_1,beta_0p5_0p5,1,VHF_2022_minus_2021,adjacent_year_within_transmitter,CP02-VHF-2022,VHF — 2022,CP02-VHF-2021,VHF — 2021,odds_ratio,,4.17779137254393,0.126059355713069,2126.99524050023,0.77562,0.00131921800927671,100000,NumPy PCG64,2026083002,1010,infinite_moment,true,ok_conditional_monte_carlo,Median/equal-tail quantiles only; no finite mean is reported. The mathematical posterior mean diverges for these shapes.
contrast,prior_kappa_1,primary_conservative_method_1,beta_0p5_0p5,1,PTT_2020_minus_2019,adjacent_year_within_transmitter,CP02-PTT-2020,PTT — 2020,CP02-PTT-2019,PTT — 2019,probability_difference,0.0107655502392344,0.00757444558765635,-0.148156022718111,0.182428902285617,0.54887,0.00157356831151368,100000,NumPy PCG64,2026083002,1011,finite,true,ok_conditional_monte_carlo,Exact difference mean; PCG64 median/equal-tail interval/direction probability.
contrast,prior_kappa_1,primary_conservative_method_1,beta_0p5_0p5,1,PTT_2020_minus_2019,adjacent_year_within_transmitter,CP02-PTT-2020,PTT — 2020,CP02-PTT-2019,PTT — 2019,odds_ratio,,1.17214135606478,0.0711172760242174,19.4430222554429,0.54887,0.00157356831151368,100000,NumPy PCG64,2026083002,1011,finite_but_mean_not_reported_by_contract,true,ok_conditional_monte_carlo,Median/equal-tail quantiles only; no finite mean is reported. The mean is deliberately omitted for schema consistency.
contrast,prior_kappa_1,primary_conservative_method_1,beta_0p5_0p5,1,PTT_2021_minus_2020,adjacent_year_within_transmitter,CP02-PTT-2021,PTT — 2021,CP02-PTT-2020,PTT — 2020,probability_difference,-0.0508658008658008,-0.0470404816979271,-0.234482962280004,0.117573183304328,0.26358,0.00139321779919724,100000,NumPy PCG64,2026083002,1012,finite,true,ok_conditional_monte_carlo,Exact difference mean; PCG64 median/equal-tail interval/direction probability.
contrast,prior_kappa_1,primary_conservative_method_1,beta_0p5_0p5,1,PTT_2021_minus_2020,adjacent_year_within_transmitter,CP02-PTT-2021,PTT — 2021,CP02-PTT-2020,PTT — 2020,odds_ratio,,0.486790859121044,0.0339847513111404,4.6121455141939,0.26358,0.00139321779919724,100000,NumPy PCG64,2026083002,1012,finite_but_mean_not_reported_by_contract,true,ok_conditional_monte_carlo,Median/equal-tail quantiles only; no finite mean is reported. The mean is deliberately omitted for schema consistency.
contrast,prior_kappa_1,primary_conservative_method_1,beta_0p5_0p5,1,PTT_2022_minus_2021,adjacent_year_within_transmitter,CP02-PTT-2022,PTT — 2022,CP02-PTT-2021,PTT — 2021,probability_difference,0.0990476190476191,0.089098245510543,-0.0232443650481669,0.267631001488262,0.94587,0.000715541355198985,100000,NumPy PCG64,2026083002,1013,finite,true,ok_conditional_monte_carlo,Exact difference mean; PCG64 median/equal-tail interval/direction probability.
contrast,prior_kappa_1,primary_conservative_method_1,beta_0p5_0p5,1,PTT_2022_minus_2021,adjacent_year_within_transmitter,CP02-PTT-2022,PTT — 2022,CP02-PTT-2021,PTT — 2021,odds_ratio,,12.7214836397329,0.627626749923856,5933.50275778264,0.94587,0.000715541355198985,100000,NumPy PCG64,2026083002,1013,infinite_moment,true,ok_conditional_monte_carlo,Median/equal-tail quantiles only; no finite mean is reported. The mathematical posterior mean diverges for these shapes.
contrast,prior_kappa_2,primary_conservative_method_1,beta_1_1,2,PTT_minus_VHF_2019,transmitter_within_shared_year,CP02-PTT-2019,PTT — 2019,CP02-VHF-2019,VHF — 2019,probability_difference,0.00714285714285712,0.00994591700426023,-0.17580233238865,0.176034215333449,0.55203,0.00157255486104619,100000,NumPy PCG64,2026083002,1014,finite,true,ok_conditional_monte_carlo,Exact difference mean; PCG64 median/equal-tail interval/direction probability.
contrast,prior_kappa_2,primary_conservative_method_1,beta_1_1,2,PTT_minus_VHF_2019,transmitter_within_shared_year,CP02-PTT-2019,PTT — 2019,CP02-VHF-2019,VHF — 2019,odds_ratio,,1.13768646373971,0.155196406961615,10.5657566793792,0.55203,0.00157255486104619,100000,NumPy PCG64,2026083002,1014,finite_but_mean_not_reported_by_contract,true,ok_conditional_monte_carlo,Median/equal-tail quantiles only; no finite mean is reported. The mean is deliberately omitted for schema consistency.
contrast,prior_kappa_2,primary_conservative_method_1,beta_1_1,2,PTT_minus_VHF_2020,transmitter_within_shared_year,CP02-PTT-2020,PTT — 2020,CP02-VHF-2020,VHF — 2020,probability_difference,-0.0484949832775921,-0.042232484178298,-0.198813431561059,0.0773183537689809,0.21309,0.00129492336414168,100000,NumPy PCG64,2026083002,1015,finite,true,ok_conditional_monte_carlo,Exact difference mean; PCG64 median/equal-tail interval/direction probability.
contrast,prior_kappa_2,primary_conservative_method_1,beta_1_1,2,PTT_minus_VHF_2020,transmitter_within_shared_year,CP02-PTT-2020,PTT — 2020,CP02-VHF-2020,VHF — 2020,odds_ratio,,0.34551605762272,0.0101061568470778,4.62571748714355,0.21309,0.00129492336414168,100000,NumPy PCG64,2026083002,1015,finite_but_mean_not_reported_by_contract,true,ok_conditional_monte_carlo,Median/equal-tail quantiles only; no finite mean is reported. The mean is deliberately omitted for schema consistency.
contrast,prior_kappa_2,primary_conservative_method_1,beta_1_1,2,PTT_minus_VHF_2021,transmitter_within_shared_year,CP02-PTT-2021,PTT — 2021,CP02-VHF-2021,VHF — 2021,probability_difference,-0.0252525252525252,-0.0268331064067271,-0.22597028632709,0.184698981827341,0.38631,0.001539722650025,100000,NumPy PCG64,2026083002,1016,finite,true,ok_conditional_monte_carlo,Exact difference mean; PCG64 median/equal-tail interval/direction probability.
contrast,prior_kappa_2,primary_conservative_method_1,beta_1_1,2,PTT_minus_VHF_2021,transmitter_within_shared_year,CP02-PTT-2021,PTT — 2021,CP02-VHF-2021,VHF — 2021,odds_ratio,,0.742168322302803,0.0792670773199026,5.54832030926446,0.38631,0.001539722650025,100000,NumPy PCG64,2026083002,1016,finite_but_mean_not_reported_by_contract,true,ok_conditional_monte_carlo,Median/equal-tail quantiles only; no finite mean is reported. The mean is deliberately omitted for schema consistency.
contrast,prior_kappa_2,primary_conservative_method_1,beta_1_1,2,PTT_minus_VHF_2022,transmitter_within_shared_year,CP02-PTT-2022,PTT — 2022,CP02-VHF-2022,VHF — 2022,probability_difference,0.032967032967033,0.0199502559163853,-0.0960461176224859,0.21745908647207,0.6582,0.00149990919725162,100000,NumPy PCG64,2026083002,1017,finite,true,ok_conditional_monte_carlo,Exact difference mean; PCG64 median/equal-tail interval/direction probability.
contrast,prior_kappa_2,primary_conservative_method_1,beta_1_1,2,PTT_minus_VHF_2022,transmitter_within_shared_year,CP02-PTT-2022,PTT — 2022,CP02-VHF-2022,VHF — 2022,odds_ratio,,1.95349550865714,0.0473220848969646,81.0513482006291,0.6582,0.00149990919725162,100000,NumPy PCG64,2026083002,1017,infinite_moment,true,ok_conditional_monte_carlo,Median/equal-tail quantiles only; no finite mean is reported. The mathematical posterior mean diverges for these shapes.
contrast,prior_kappa_2,primary_conservative_method_1,beta_1_1,2,VHF_2016_minus_2015,adjacent_year_within_transmitter,CP02-VHF-2016,VHF — 2016,CP02-VHF-2015,VHF — 2015,probability_difference,0.0294117647058824,0.0179231280439041,-0.0734806180000532,0.182210915421052,0.67227,0.00148432828949663,100000,NumPy PCG64,2026083002,1018,finite,true,ok_conditional_monte_carlo,Exact difference mean; PCG64 median/equal-tail interval/direction probability.
contrast,prior_kappa_2,primary_conservative_method_1,beta_1_1,2,VHF_2016_minus_2015,adjacent_year_within_transmitter,CP02-VHF-2016,VHF — 2016,CP02-VHF-2015,VHF — 2015,odds_ratio,,2.09818125296539,0.0520188434520344,87.4375530975215,0.67227,0.00148432828949663,100000,NumPy PCG64,2026083002,1018,infinite_moment,true,ok_conditional_monte_carlo,Median/equal-tail quantiles only; no finite mean is reported. The mathematical posterior mean diverges for these shapes.
contrast,prior_kappa_2,primary_conservative_method_1,beta_1_1,2,VHF_2017_minus_2016,adjacent_year_within_transmitter,CP02-VHF-2017,VHF — 2017,CP02-VHF-2016,VHF — 2016,probability_difference,-0.0182072829131653,-0.0105225074252226,-0.144589930288366,0.0776911368853792,0.37948,0.00153451923937108,100000,NumPy PCG64,2026083002,1019,finite,true,ok_conditional_monte_carlo,Exact difference mean; PCG64 median/equal-tail interval/direction probability.
contrast,prior_kappa_2,primary_conservative_method_1,beta_1_1,2,VHF_2017_minus_2016,adjacent_year_within_transmitter,CP02-VHF-2017,VHF — 2017,CP02-VHF-2016,VHF — 2016,odds_ratio,,0.603835079520839,0.0147738200508738,25.1675650889032,0.37948,0.00153451923937108,100000,NumPy PCG64,2026083002,1019,infinite_moment,true,ok_conditional_monte_carlo,Median/equal-tail quantiles only; no finite mean is reported. The mathematical posterior mean diverges for these shapes.
contrast,prior_kappa_2,primary_conservative_method_1,beta_1_1,2,VHF_2018_minus_2017,adjacent_year_within_transmitter,CP02-VHF-2018,VHF — 2018,CP02-VHF-2017,VHF — 2017,probability_difference,0.0105820105820106,0.00615896136279298,-0.102580518189815,0.142419453535449,0.56818,0.00156636996779177,100000,NumPy PCG64,2026083002,1020,finite,true,ok_conditional_monte_carlo,Exact difference mean; PCG64 median/equal-tail interval/direction probability.
contrast,prior_kappa_2,primary_conservative_method_1,beta_1_1,2,VHF_2018_minus_2017,adjacent_year_within_transmitter,CP02-VHF-2018,VHF — 2018,CP02-VHF-2017,VHF — 2017,odds_ratio,,1.31830493281995,0.0320028031604479,53.6823910451491,0.56818,0.00156636996779177,100000,NumPy PCG64,2026083002,1020,infinite_moment,true,ok_conditional_monte_carlo,Median/equal-tail quantiles only; no finite mean is reported. The mathematical posterior mean diverges for these shapes.
contrast,prior_kappa_2,primary_conservative_method_1,beta_1_1,2,VHF_2019_minus_2018,adjacent_year_within_transmitter,CP02-VHF-2019,VHF — 2019,CP02-VHF-2018,VHF — 2018,probability_difference,-0.07010582010582,-0.0652540954469963,-0.216021467317193,0.0562162248165817,0.12306,0.00103882739856051,100000,NumPy PCG64,2026083002,1021,finite,true,ok_conditional_monte_carlo,Exact difference mean; PCG64 median/equal-tail interval/direction probability.
contrast,prior_kappa_2,primary_conservative_method_1,beta_1_1,2,VHF_2019_minus_2018,adjacent_year_within_transmitter,CP02-VHF-2019,VHF — 2019,CP02-VHF-2018,VHF — 2018,odds_ratio,,0.247080015499925,0.0078058042078423,2.47363838148605,0.12306,0.00103882739856051,100000,NumPy PCG64,2026083002,1021,finite_but_mean_not_reported_by_contract,true,ok_conditional_monte_carlo,Median/equal-tail quantiles only; no finite mean is reported. The mean is deliberately omitted for schema consistency.
contrast,prior_kappa_2,primary_conservative_method_1,beta_1_1,2,VHF_2020_minus_2019,adjacent_year_within_transmitter,CP02-VHF-2020,VHF — 2020,CP02-VHF-2019,VHF — 2019,probability_difference,0.0686813186813187,0.064192891190422,-0.0614121799725912,0.214770132350262,0.86751,0.00107208395147022,100000,NumPy PCG64,2026083002,1022,finite,true,ok_conditional_monte_carlo,Exact difference mean; PCG64 median/equal-tail interval/direction probability.
contrast,prior_kappa_2,primary_conservative_method_1,beta_1_1,2,VHF_2020_minus_2019,adjacent_year_within_transmitter,CP02-VHF-2020,VHF — 2020,CP02-VHF-2019,VHF — 2019,odds_ratio,,3.88012150737922,0.378473847628831,117.913711537645,0.86751,0.00107208395147022,100000,NumPy PCG64,2026083002,1022,infinite_moment,true,ok_conditional_monte_carlo,Median/equal-tail quantiles only; no finite mean is reported. The mathematical posterior mean diverges for these shapes.
contrast,prior_kappa_2,primary_conservative_method_1,beta_1_1,2,VHF_2021_minus_2020,adjacent_year_within_transmitter,CP02-VHF-2021,VHF — 2021,CP02-VHF-2020,VHF — 2020,probability_difference,-0.0726495726495727,-0.0631834313761968,-0.257850832466322,0.0673769915970979,0.15794,0.00115323439248056,100000,NumPy PCG64,2026083002,1023,finite,true,ok_conditional_monte_carlo,Exact difference mean; PCG64 median/equal-tail interval/direction probability.
contrast,prior_kappa_2,primary_conservative_method_1,beta_1_1,2,VHF_2021_minus_2020,adjacent_year_within_transmitter,CP02-VHF-2021,VHF — 2021,CP02-VHF-2020,VHF — 2020,odds_ratio,,0.259521365683016,0.00762915930930881,3.60111590268756,0.15794,0.00115323439248056,100000,NumPy PCG64,2026083002,1023,finite_but_mean_not_reported_by_contract,true,ok_conditional_monte_carlo,Median/equal-tail quantiles only; no finite mean is reported. The mean is deliberately omitted for schema consistency.
contrast,prior_kappa_2,primary_conservative_method_1,beta_1_1,2,VHF_2022_minus_2021,adjacent_year_within_transmitter,CP02-VHF-2022,VHF — 2022,CP02-VHF-2021,VHF — 2021,probability_difference,0.0396825396825398,0.0381923648419585,-0.166877148359862,0.241370571535336,0.68608,0.00146756340101544,100000,NumPy PCG64,2026083002,1024,finite,true,ok_conditional_monte_carlo,Exact difference mean; PCG64 median/equal-tail interval/direction probability.
contrast,prior_kappa_2,primary_conservative_method_1,beta_1_1,2,VHF_2022_minus_2021,adjacent_year_within_transmitter,CP02-VHF-2022,VHF — 2022,CP02-VHF-2021,VHF — 2021,odds_ratio,,1.95183585042207,0.133561192763738,68.8591525072826,0.68608,0.00146756340101544,100000,NumPy PCG64,2026083002,1024,infinite_moment,true,ok_conditional_monte_carlo,Median/equal-tail quantiles only; no finite mean is reported. The mathematical posterior mean diverges for these shapes.
contrast,prior_kappa_2,primary_conservative_method_1,beta_1_1,2,PTT_2020_minus_2019,adjacent_year_within_transmitter,CP02-PTT-2020,PTT — 2020,CP02-PTT-2019,PTT — 2019,probability_difference,0.0130434782608695,0.0109793254469468,-0.159429597152982,0.196704480559003,0.55779,0.00157054231366111,100000,NumPy PCG64,2026083002,1025,finite,true,ok_conditional_monte_carlo,Exact difference mean; PCG64 median/equal-tail interval/direction probability.
contrast,prior_kappa_2,primary_conservative_method_1,beta_1_1,2,PTT_2020_minus_2019,adjacent_year_within_transmitter,CP02-PTT-2020,PTT — 2020,CP02-PTT-2019,PTT — 2019,odds_ratio,,1.180335618422,0.112176242324933,12.3006713052863,0.55779,0.00157054231366111,100000,NumPy PCG64,2026083002,1025,finite_but_mean_not_reported_by_contract,true,ok_conditional_monte_carlo,Median/equal-tail quantiles only; no finite mean is reported. The mean is deliberately omitted for schema consistency.
contrast,prior_kappa_2,primary_conservative_method_1,beta_1_1,2,PTT_2021_minus_2020,adjacent_year_within_transmitter,CP02-PTT-2021,PTT — 2021,CP02-PTT-2020,PTT — 2020,probability_difference,-0.0494071146245059,-0.0469825369583632,-0.239089604365339,0.129887222355742,0.28412,0.00142616908394482,100000,NumPy PCG64,2026083002,1026,finite,true,ok_conditional_monte_carlo,Exact difference mean; PCG64 median/equal-tail interval/direction probability.
contrast,prior_kappa_2,primary_conservative_method_1,beta_1_1,2,PTT_2021_minus_2020,adjacent_year_within_transmitter,CP02-PTT-2021,PTT — 2021,CP02-PTT-2020,PTT — 2020,odds_ratio,,0.563886516079992,0.0597319242623773,4.14858691440158,0.28412,0.00142616908394482,100000,NumPy PCG64,2026083002,1026,finite_but_mean_not_reported_by_contract,true,ok_conditional_monte_carlo,Median/equal-tail quantiles only; no finite mean is reported. The mean is deliberately omitted for schema consistency.
contrast,prior_kappa_2,primary_conservative_method_1,beta_1_1,2,PTT_2022_minus_2021,adjacent_year_within_transmitter,CP02-PTT-2022,PTT — 2022,CP02-PTT-2021,PTT — 2021,probability_difference,0.0979020979020979,0.0905176355259037,-0.0470531481324729,0.274806125387191,0.9105,0.000902716732978846,100000,NumPy PCG64,2026083002,1027,finite,true,ok_conditional_monte_carlo,Exact difference mean; PCG64 median/equal-tail interval/direction probability.
contrast,prior_kappa_2,primary_conservative_method_1,beta_1_1,2,PTT_2022_minus_2021,adjacent_year_within_transmitter,CP02-PTT-2022,PTT — 2022,CP02-PTT-2021,PTT — 2021,odds_ratio,,5.12766437073905,0.50325681071228,160.784765232375,0.9105,0.000902716732978846,100000,NumPy PCG64,2026083002,1027,infinite_moment,true,ok_conditional_monte_carlo,Median/equal-tail quantiles only; no finite mean is reported. The mathematical posterior mean diverges for these shapes.
contrast,primary,primary_conservative_method_1,beta_2_2,4,PTT_minus_VHF_2019,transmitter_within_shared_year,CP02-PTT-2019,PTT — 2019,CP02-VHF-2019,VHF — 2019,probability_difference,-0.00303030303030305,-9.83317511255022e-06,-0.198595905858143,0.176031696696846,0.49992,0.00158113880984561,100000,NumPy PCG64,2026083002,1028,finite,true,ok_conditional_monte_carlo,Exact difference mean; PCG64 median/equal-tail interval/direction probability.
contrast,primary,primary_conservative_method_1,beta_2_2,4,PTT_minus_VHF_2019,transmitter_within_shared_year,CP02-PTT-2019,PTT — 2019,CP02-VHF-2019,VHF — 2019,odds_ratio,,0.999883659928016,0.185539191521146,5.92998211852162,0.49992,0.00158113880984561,100000,NumPy PCG64,2026083002,1028,finite_but_mean_not_reported_by_contract,true,ok_conditional_monte_carlo,Median/equal-tail quantiles only; no finite mean is reported. The mean is deliberately omitted for schema consistency.
contrast,primary,primary_conservative_method_1,beta_2_2,4,PTT_minus_VHF_2020,transmitter_within_shared_year,CP02-PTT-2020,PTT — 2020,CP02-VHF-2020,VHF — 2020,probability_difference,-0.0485714285714286,-0.0453193797364142,-0.217870564996448,0.10349038418666,0.25983,0.0013867889929618,100000,NumPy PCG64,2026083002,1029,finite,true,ok_conditional_monte_carlo,Exact difference mean; PCG64 median/equal-tail interval/direction probability.
contrast,primary,primary_conservative_method_1,beta_2_2,4,PTT_minus_VHF_2020,transmitter_within_shared_year,CP02-PTT-2020,PTT — 2020,CP02-VHF-2020,VHF — 2020,odds_ratio,,0.526647488922991,0.0569922621875569,3.78436754092671,0.25983,0.0013867889929618,100000,NumPy PCG64,2026083002,1029,finite_but_mean_not_reported_by_contract,true,ok_conditional_monte_carlo,Median/equal-tail quantiles only; no finite mean is reported. The mean is deliberately omitted for schema consistency.
contrast,primary,primary_conservative_method_1,beta_2_2,4,PTT_minus_VHF_2021,transmitter_within_shared_year,CP02-PTT-2021,PTT — 2021,CP02-VHF-2021,VHF — 2021,probability_difference,-0.0166666666666666,-0.0178927864659938,-0.227915135925218,0.202369321194551,0.43115,0.00156607687391137,100000,NumPy PCG64,2026083002,1030,finite,true,ok_conditional_monte_carlo,Exact difference mean; PCG64 median/equal-tail interval/direction probability.
contrast,primary,primary_conservative_method_1,beta_2_2,4,PTT_minus_VHF_2021,transmitter_within_shared_year,CP02-PTT-2021,PTT — 2021,CP02-VHF-2021,VHF — 2021,odds_ratio,,0.859123194419529,0.140398803892483,4.71331840176269,0.43115,0.00156607687391137,100000,NumPy PCG64,2026083002,1030,finite_but_mean_not_reported_by_contract,true,ok_conditional_monte_carlo,Median/equal-tail quantiles only; no finite mean is reported. The mean is deliberately omitted for schema consistency.
contrast,primary,primary_conservative_method_1,beta_2_2,4,PTT_minus_VHF_2022,transmitter_within_shared_year,CP02-PTT-2022,PTT — 2022,CP02-VHF-2022,VHF — 2022,probability_difference,0.0535714285714286,0.0444571306172719,-0.112116849563486,0.26234230487014,0.71482,0.00142776877539747,100000,NumPy PCG64,2026083002,1031,finite,true,ok_conditional_monte_carlo,Exact difference mean; PCG64 median/equal-tail interval/direction probability.
contrast,primary,primary_conservative_method_1,beta_2_2,4,PTT_minus_VHF_2022,transmitter_within_shared_year,CP02-PTT-2022,PTT — 2022,CP02-VHF-2022,VHF — 2022,odds_ratio,,1.89501040736892,0.180256465455897,20.1801861122854,0.71482,0.00142776877539747,100000,NumPy PCG64,2026083002,1031,finite_but_mean_not_reported_by_contract,true,ok_conditional_monte_carlo,Median/equal-tail quantiles only; no finite mean is reported. The mean is deliberately omitted for schema consistency.
contrast,primary,primary_conservative_method_1,beta_2_2,4,VHF_2016_minus_2015,adjacent_year_within_transmitter,CP02-VHF-2016,VHF — 2016,CP02-VHF-2015,VHF — 2015,probability_difference,0.0497076023391813,0.041022874490352,-0.0849700695373975,0.226365000523957,0.73908,0.00138867114033525,100000,NumPy PCG64,2026083002,1032,finite,true,ok_conditional_monte_carlo,Exact difference mean; PCG64 median/equal-tail interval/direction probability.
contrast,primary,primary_conservative_method_1,beta_2_2,4,VHF_2016_minus_2015,adjacent_year_within_transmitter,CP02-VHF-2016,VHF — 2016,CP02-VHF-2015,VHF — 2015,odds_ratio,,2.0433806276424,0.202924528554977,20.6784902795809,0.73908,0.00138867114033525,100000,NumPy PCG64,2026083002,1032,finite_but_mean_not_reported_by_contract,true,ok_conditional_monte_carlo,Median/equal-tail quantiles only; no finite mean is reported. The mean is deliberately omitted for schema consistency.
contrast,primary,primary_conservative_method_1,beta_2_2,4,VHF_2017_minus_2016,adjacent_year_within_transmitter,CP02-VHF-2017,VHF — 2017,CP02-VHF-2016,VHF — 2016,probability_difference,-0.0314009661835749,-0.0252314596305436,-0.184242751308307,0.0926409572782036,0.33155,0.00148870614125152,100000,NumPy PCG64,2026083002,1033,finite,true,ok_conditional_monte_carlo,Exact difference mean; PCG64 median/equal-tail interval/direction probability.
contrast,primary,primary_conservative_method_1,beta_2_2,4,VHF_2017_minus_2016,adjacent_year_within_transmitter,CP02-VHF-2017,VHF — 2017,CP02-VHF-2016,VHF — 2016,odds_ratio,,0.610841235139162,0.0594097820614359,6.20790013453334,0.33155,0.00148870614125152,100000,NumPy PCG64,2026083002,1033,finite_but_mean_not_reported_by_contract,true,ok_conditional_monte_carlo,Median/equal-tail quantiles only; no finite mean is reported. The mean is deliberately omitted for schema consistency.
contrast,primary,primary_conservative_method_1,beta_2_2,4,VHF_2018_minus_2017,adjacent_year_within_transmitter,CP02-VHF-2018,VHF — 2018,CP02-VHF-2017,VHF — 2017,probability_difference,0.0179910044977512,0.0147722658996556,-0.12389734611725,0.175908247749229,0.59388,0.00155301817632634,100000,NumPy PCG64,2026083002,1034,finite,true,ok_conditional_monte_carlo,Exact difference mean; PCG64 median/equal-tail interval/direction probability.
contrast,primary,primary_conservative_method_1,beta_2_2,4,VHF_2018_minus_2017,adjacent_year_within_transmitter,CP02-VHF-2018,VHF — 2018,CP02-VHF-2017,VHF — 2017,odds_ratio,,1.30076910858522,0.127149094159594,13.5675494498793,0.59388,0.00155301817632634,100000,NumPy PCG64,2026083002,1034,finite_but_mean_not_reported_by_contract,true,ok_conditional_monte_carlo,Median/equal-tail quantiles only; no finite mean is reported. The mean is deliberately omitted for schema consistency.
contrast,primary,primary_conservative_method_1,beta_2_2,4,VHF_2019_minus_2018,adjacent_year_within_transmitter,CP02-VHF-2019,VHF — 2019,CP02-VHF-2018,VHF — 2018,probability_difference,-0.064367816091954,-0.0617065128871269,-0.221926494515916,0.0849657572760455,0.1863,0.00123122828914869,100000,NumPy PCG64,2026083002,1035,finite,true,ok_conditional_monte_carlo,Exact difference mean; PCG64 median/equal-tail interval/direction probability.
contrast,primary,primary_conservative_method_1,beta_2_2,4,VHF_2019_minus_2018,adjacent_year_within_transmitter,CP02-VHF-2019,VHF — 2019,CP02-VHF-2018,VHF — 2018,odds_ratio,,0.439742203315565,0.0501672355425669,2.65101098624329,0.1863,0.00123122828914869,100000,NumPy PCG64,2026083002,1035,finite_but_mean_not_reported_by_contract,true,ok_conditional_monte_carlo,Median/equal-tail quantiles only; no finite mean is reported. The mean is deliberately omitted for schema consistency.
contrast,primary,primary_conservative_method_1,beta_2_2,4,VHF_2020_minus_2019,adjacent_year_within_transmitter,CP02-VHF-2020,VHF — 2020,CP02-VHF-2019,VHF — 2019,probability_difference,0.0619047619047619,0.0601832298110849,-0.0904049046181383,0.221540672935162,0.80179,0.00126064584995152,100000,NumPy PCG64,2026083002,1036,finite,true,ok_conditional_monte_carlo,Exact difference mean; PCG64 median/equal-tail interval/direction probability.
contrast,primary,primary_conservative_method_1,beta_2_2,4,VHF_2020_minus_2019,adjacent_year_within_transmitter,CP02-VHF-2020,VHF — 2020,CP02-VHF-2019,VHF — 2019,odds_ratio,,2.2102333516053,0.360143905922126,19.2977545887362,0.80179,0.00126064584995152,100000,NumPy PCG64,2026083002,1036,finite_but_mean_not_reported_by_contract,true,ok_conditional_monte_carlo,Median/equal-tail quantiles only; no finite mean is reported. The mean is deliberately omitted for schema consistency.
contrast,primary,primary_conservative_method_1,beta_2_2,4,VHF_2021_minus_2020,adjacent_year_within_transmitter,CP02-VHF-2021,VHF — 2021,CP02-VHF-2020,VHF — 2020,probability_difference,-0.0785714285714286,-0.0726534806751209,-0.27482749376124,0.0886754755510842,0.18439,0.00122633734306674,100000,NumPy PCG64,2026083002,1037,finite,true,ok_conditional_monte_carlo,Exact difference mean; PCG64 median/equal-tail interval/direction probability.
contrast,primary,primary_conservative_method_1,beta_2_2,4,VHF_2021_minus_2020,adjacent_year_within_transmitter,CP02-VHF-2021,VHF — 2021,CP02-VHF-2020,VHF — 2020,odds_ratio,,0.40349467472278,0.042692323418653,2.94856588160567,0.18439,0.00122633734306674,100000,NumPy PCG64,2026083002,1037,finite_but_mean_not_reported_by_contract,true,ok_conditional_monte_carlo,Median/equal-tail quantiles only; no finite mean is reported. The mean is deliberately omitted for schema consistency.
contrast,primary,primary_conservative_method_1,beta_2_2,4,VHF_2022_minus_2021,adjacent_year_within_transmitter,CP02-VHF-2022,VHF — 2022,CP02-VHF-2021,VHF — 2021,probability_difference,0.025,0.0269786267627566,-0.204632865099777,0.244836544719701,0.60437,0.00154630819405447,100000,NumPy PCG64,2026083002,1038,finite,true,ok_conditional_monte_carlo,Exact difference mean; PCG64 median/equal-tail interval/direction probability.
contrast,primary,primary_conservative_method_1,beta_2_2,4,VHF_2022_minus_2021,adjacent_year_within_transmitter,CP02-VHF-2022,VHF — 2022,CP02-VHF-2021,VHF — 2021,odds_ratio,,1.31186591346845,0.175749666309076,12.6788527845658,0.60437,0.00154630819405447,100000,NumPy PCG64,2026083002,1038,finite_but_mean_not_reported_by_contract,true,ok_conditional_monte_carlo,Median/equal-tail quantiles only; no finite mean is reported. The mean is deliberately omitted for schema consistency.
contrast,primary,primary_conservative_method_1,beta_2_2,4,PTT_2020_minus_2019,adjacent_year_within_transmitter,CP02-PTT-2020,PTT — 2020,CP02-PTT-2019,PTT — 2019,probability_difference,0.0163636363636364,0.0146627816292,-0.171510670095089,0.212573427394978,0.56547,0.00156752569069856,100000,NumPy PCG64,2026083002,1039,finite,true,ok_conditional_monte_carlo,Exact difference mean; PCG64 median/equal-tail interval/direction probability.
contrast,primary,primary_conservative_method_1,beta_2_2,4,PTT_2020_minus_2019,adjacent_year_within_transmitter,CP02-PTT-2020,PTT — 2020,CP02-PTT-2019,PTT — 2019,odds_ratio,,1.16288167559631,0.18091270744555,7.51601564416258,0.56547,0.00156752569069856,100000,NumPy PCG64,2026083002,1039,finite_but_mean_not_reported_by_contract,true,ok_conditional_monte_carlo,Median/equal-tail quantiles only; no finite mean is reported. The mean is deliberately omitted for schema consistency.
contrast,primary,primary_conservative_method_1,beta_2_2,4,PTT_2021_minus_2020,adjacent_year_within_transmitter,CP02-PTT-2021,PTT — 2021,CP02-PTT-2020,PTT — 2020,probability_difference,-0.0466666666666666,-0.0448117330970169,-0.244760891284129,0.145984021885866,0.31289,0.00146625321107918,100000,NumPy PCG64,2026083002,1040,finite,true,ok_conditional_monte_carlo,Exact difference mean; PCG64 median/equal-tail interval/direction probability.
contrast,primary,primary_conservative_method_1,beta_2_2,4,PTT_2021_minus_2020,adjacent_year_within_transmitter,CP02-PTT-2021,PTT — 2021,CP02-PTT-2020,PTT — 2020,odds_ratio,,0.661745703657775,0.110301677542418,3.58931371721216,0.31289,0.00146625321107918,100000,NumPy PCG64,2026083002,1040,finite_but_mean_not_reported_by_contract,true,ok_conditional_monte_carlo,Median/equal-tail quantiles only; no finite mean is reported. The mean is deliberately omitted for schema consistency.
contrast,primary,primary_conservative_method_1,beta_2_2,4,PTT_2022_minus_2021,adjacent_year_within_transmitter,CP02-PTT-2022,PTT — 2022,CP02-PTT-2021,PTT — 2021,probability_difference,0.0952380952380952,0.0909174585229776,-0.070200793834238,0.28178574190924,0.87157,0.00105799685774581,100000,NumPy PCG64,2026083002,1041,finite,true,ok_conditional_monte_carlo,Exact difference mean; PCG64 median/equal-tail interval/direction probability.
contrast,primary,primary_conservative_method_1,beta_2_2,4,PTT_2022_minus_2021,adjacent_year_within_transmitter,CP02-PTT-2022,PTT — 2022,CP02-PTT-2021,PTT — 2021,odds_ratio,,2.85904723442651,0.469447145355221,25.4649103440049,0.87157,0.00105799685774581,100000,NumPy PCG64,2026083002,1041,finite_but_mean_not_reported_by_contract,true,ok_conditional_monte_carlo,Median/equal-tail quantiles only; no finite mean is reported. The mean is deliberately omitted for schema consistency.
contrast,prior_kappa_8,primary_conservative_method_1,beta_4_4,8,PTT_minus_VHF_2019,transmitter_within_shared_year,CP02-PTT-2019,PTT — 2019,CP02-VHF-2019,VHF — 2019,probability_difference,-0.0158371040723981,-0.0139839026635469,-0.217830791950661,0.175579642288485,0.44141,0.00157024587851712,100000,NumPy PCG64,2026083002,1042,finite,true,ok_conditional_monte_carlo,Exact difference mean; PCG64 median/equal-tail interval/direction probability.
contrast,prior_kappa_8,primary_conservative_method_1,beta_4_4,8,PTT_minus_VHF_2019,transmitter_within_shared_year,CP02-PTT-2019,PTT — 2019,CP02-VHF-2019,VHF — 2019,odds_ratio,,0.904464974425921,0.233082506446251,3.64232665070987,0.44141,0.00157024587851712,100000,NumPy PCG64,2026083002,1042,finite_but_mean_not_reported_by_contract,true,ok_conditional_monte_carlo,Median/equal-tail quantiles only; no finite mean is reported. The mean is deliberately omitted for schema consistency.
contrast,prior_kappa_8,primary_conservative_method_1,beta_4_4,8,PTT_minus_VHF_2020,transmitter_within_shared_year,CP02-PTT-2020,PTT — 2020,CP02-VHF-2020,VHF — 2020,probability_difference,-0.0474137931034483,-0.0455810810683555,-0.226906897712981,0.127926316511385,0.29531,0.0014425741017362,100000,NumPy PCG64,2026083002,1043,finite,true,ok_conditional_monte_carlo,Exact difference mean; PCG64 median/equal-tail interval/direction probability.
contrast,prior_kappa_8,primary_conservative_method_1,beta_4_4,8,PTT_minus_VHF_2020,transmitter_within_shared_year,CP02-PTT-2020,PTT — 2020,CP02-VHF-2020,VHF — 2020,odds_ratio,,0.672605971259836,0.143038401580526,2.94992233736831,0.29531,0.0014425741017362,100000,NumPy PCG64,2026083002,1043,finite_but_mean_not_reported_by_contract,true,ok_conditional_monte_carlo,Median/equal-tail quantiles only; no finite mean is reported. The mean is deliberately omitted for schema consistency.
contrast,prior_kappa_8,primary_conservative_method_1,beta_4_4,8,PTT_minus_VHF_2021,transmitter_within_shared_year,CP02-PTT-2021,PTT — 2021,CP02-VHF-2021,VHF — 2021,probability_difference,-0.00595238095238093,-0.00747823133769615,-0.221262530939583,0.216715156630726,0.47347,0.0015789115209536,100000,NumPy PCG64,2026083002,1044,finite,true,ok_conditional_monte_carlo,Exact difference mean; PCG64 median/equal-tail interval/direction probability.
contrast,prior_kappa_8,primary_conservative_method_1,beta_4_4,8,PTT_minus_VHF_2021,transmitter_within_shared_year,CP02-PTT-2021,PTT — 2021,CP02-VHF-2021,VHF — 2021,odds_ratio,,0.953233304853845,0.23187323837396,3.775292787528,0.47347,0.0015789115209536,100000,NumPy PCG64,2026083002,1044,finite_but_mean_not_reported_by_contract,true,ok_conditional_monte_carlo,Median/equal-tail quantiles only; no finite mean is reported. The mean is deliberately omitted for schema consistency.
contrast,prior_kappa_8,primary_conservative_method_1,beta_4_4,8,PTT_minus_VHF_2022,transmitter_within_shared_year,CP02-PTT-2022,PTT — 2022,CP02-VHF-2022,VHF — 2022,probability_difference,0.075,0.0705062242695312,-0.118733270282309,0.293888604573208,0.76554,0.00133973321374071,100000,NumPy PCG64,2026083002,1045,finite,true,ok_conditional_monte_carlo,Exact difference mean; PCG64 median/equal-tail interval/direction probability.
contrast,prior_kappa_8,primary_conservative_method_1,beta_4_4,8,PTT_minus_VHF_2022,transmitter_within_shared_year,CP02-PTT-2022,PTT — 2022,CP02-VHF-2022,VHF — 2022,odds_ratio,,1.77578853462204,0.355509238085538,8.97076084312991,0.76554,0.00133973321374071,100000,NumPy PCG64,2026083002,1045,finite_but_mean_not_reported_by_contract,true,ok_conditional_monte_carlo,Median/equal-tail quantiles only; no finite mean is reported. The mean is deliberately omitted for schema consistency.
contrast,prior_kappa_8,primary_conservative_method_1,beta_4_4,8,VHF_2016_minus_2015,adjacent_year_within_transmitter,CP02-VHF-2016,VHF — 2016,CP02-VHF-2015,VHF — 2015,probability_difference,0.0739130434782609,0.0685080776189502,-0.0908351082425518,0.265068856011316,0.79411,0.00127866847892642,100000,NumPy PCG64,2026083002,1046,finite,true,ok_conditional_monte_carlo,Exact difference mean; PCG64 median/equal-tail interval/direction probability.
contrast,prior_kappa_8,primary_conservative_method_1,beta_4_4,8,VHF_2016_minus_2015,adjacent_year_within_transmitter,CP02-VHF-2016,VHF — 2016,CP02-VHF-2015,VHF — 2015,odds_ratio,,1.91988666060985,0.392934459445659,9.28150026822121,0.79411,0.00127866847892642,100000,NumPy PCG64,2026083002,1046,finite_but_mean_not_reported_by_contract,true,ok_conditional_monte_carlo,Median/equal-tail quantiles only; no finite mean is reported. The mean is deliberately omitted for schema consistency.
contrast,prior_kappa_8,primary_conservative_method_1,beta_4_4,8,VHF_2017_minus_2016,adjacent_year_within_transmitter,CP02-VHF-2017,VHF — 2017,CP02-VHF-2016,VHF — 2016,probability_difference,-0.0481481481481482,-0.04458568516687,-0.221256695909847,0.104991942649803,0.27752,0.00141598958188258,100000,NumPy PCG64,2026083002,1047,finite,true,ok_conditional_monte_carlo,Exact difference mean; PCG64 median/equal-tail interval/direction probability.
contrast,prior_kappa_8,primary_conservative_method_1,beta_4_4,8,VHF_2017_minus_2016,adjacent_year_within_transmitter,CP02-VHF-2017,VHF — 2017,CP02-VHF-2016,VHF — 2016,odds_ratio,,0.631143888278164,0.130644920680654,3.07794796147229,0.27752,0.00141598958188258,100000,NumPy PCG64,2026083002,1047,finite_but_mean_not_reported_by_contract,true,ok_conditional_monte_carlo,Median/equal-tail quantiles only; no finite mean is reported. The mean is deliberately omitted for schema consistency.
contrast,prior_kappa_8,primary_conservative_method_1,beta_4_4,8,VHF_2018_minus_2017,adjacent_year_within_transmitter,CP02-VHF-2018,VHF — 2018,CP02-VHF-2017,VHF — 2017,probability_difference,0.0269360269360269,0.0245498186151512,-0.143186278949201,0.205492890951438,0.61657,0.00153756767363261,100000,NumPy PCG64,2026083002,1048,finite,true,ok_conditional_monte_carlo,Exact difference mean; PCG64 median/equal-tail interval/direction probability.
contrast,prior_kappa_8,primary_conservative_method_1,beta_4_4,8,VHF_2018_minus_2017,adjacent_year_within_transmitter,CP02-VHF-2018,VHF — 2018,CP02-VHF-2017,VHF — 2017,odds_ratio,,1.26325911220217,0.255823214013053,6.20383301210333,0.61657,0.00153756767363261,100000,NumPy PCG64,2026083002,1048,finite_but_mean_not_reported_by_contract,true,ok_conditional_monte_carlo,Median/equal-tail quantiles only; no finite mean is reported. The mean is deliberately omitted for schema consistency.
contrast,prior_kappa_8,primary_conservative_method_1,beta_4_4,8,VHF_2019_minus_2018,adjacent_year_within_transmitter,CP02-VHF-2019,VHF — 2019,CP02-VHF-2018,VHF — 2018,probability_difference,-0.0552584670231729,-0.0551486609692311,-0.226998292842169,0.113270299002929,0.25252,0.00137387644859354,100000,NumPy PCG64,2026083002,1049,finite,true,ok_conditional_monte_carlo,Exact difference mean; PCG64 median/equal-tail interval/direction probability.
contrast,prior_kappa_8,primary_conservative_method_1,beta_4_4,8,VHF_2019_minus_2018,adjacent_year_within_transmitter,CP02-VHF-2019,VHF — 2019,CP02-VHF-2018,VHF — 2018,odds_ratio,,0.621115187048816,0.138223955972144,2.50511513610429,0.25252,0.00137387644859354,100000,NumPy PCG64,2026083002,1049,finite_but_mean_not_reported_by_contract,true,ok_conditional_monte_carlo,Median/equal-tail quantiles only; no finite mean is reported. The mean is deliberately omitted for schema consistency.
contrast,prior_kappa_8,primary_conservative_method_1,beta_4_4,8,VHF_2020_minus_2019,adjacent_year_within_transmitter,CP02-VHF-2020,VHF — 2020,CP02-VHF-2019,VHF — 2019,probability_difference,0.0514705882352942,0.0505285394418246,-0.119500167309299,0.221283035568599,0.72936,0.00140496971639961,100000,NumPy PCG64,2026083002,1050,finite,true,ok_conditional_monte_carlo,Exact difference mean; PCG64 median/equal-tail interval/direction probability.
contrast,prior_kappa_8,primary_conservative_method_1,beta_4_4,8,VHF_2020_minus_2019,adjacent_year_within_transmitter,CP02-VHF-2020,VHF — 2020,CP02-VHF-2019,VHF — 2019,odds_ratio,,1.53790422988777,0.385579230681324,6.88782356556096,0.72936,0.00140496971639961,100000,NumPy PCG64,2026083002,1050,finite_but_mean_not_reported_by_contract,true,ok_conditional_monte_carlo,Median/equal-tail quantiles only; no finite mean is reported. The mean is deliberately omitted for schema consistency.
contrast,prior_kappa_8,primary_conservative_method_1,beta_4_4,8,VHF_2021_minus_2020,adjacent_year_within_transmitter,CP02-VHF-2021,VHF — 2021,CP02-VHF-2020,VHF — 2020,probability_difference,-0.0833333333333334,-0.0794030838313773,-0.286750993135082,0.10364631126351,0.19745,0.00125882285290664,100000,NumPy PCG64,2026083002,1051,finite,true,ok_conditional_monte_carlo,Exact difference mean; PCG64 median/equal-tail interval/direction probability.
contrast,prior_kappa_8,primary_conservative_method_1,beta_4_4,8,VHF_2021_minus_2020,adjacent_year_within_transmitter,CP02-VHF-2021,VHF — 2021,CP02-VHF-2020,VHF — 2020,odds_ratio,,0.531445978967876,0.113761297192827,2.31315914707691,0.19745,0.00125882285290664,100000,NumPy PCG64,2026083002,1051,finite_but_mean_not_reported_by_contract,true,ok_conditional_monte_carlo,Median/equal-tail quantiles only; no finite mean is reported. The mean is deliberately omitted for schema consistency.
contrast,prior_kappa_8,primary_conservative_method_1,beta_4_4,8,VHF_2022_minus_2021,adjacent_year_within_transmitter,CP02-VHF-2022,VHF — 2022,CP02-VHF-2021,VHF — 2021,probability_difference,0.00833333333333341,0.0100570473378201,-0.231462103135546,0.240165397458646,0.53425,0.00157742491897396,100000,NumPy PCG64,2026083002,1052,finite,true,ok_conditional_monte_carlo,Exact difference mean; PCG64 median/equal-tail interval/direction probability.
contrast,prior_kappa_8,primary_conservative_method_1,beta_4_4,8,VHF_2022_minus_2021,adjacent_year_within_transmitter,CP02-VHF-2022,VHF — 2022,CP02-VHF-2021,VHF — 2021,odds_ratio,,1.0697204745778,0.231395530040102,5.20060283336146,0.53425,0.00157742491897396,100000,NumPy PCG64,2026083002,1052,finite_but_mean_not_reported_by_contract,true,ok_conditional_monte_carlo,Median/equal-tail quantiles only; no finite mean is reported. The mean is deliberately omitted for schema consistency.
contrast,prior_kappa_8,primary_conservative_method_1,beta_4_4,8,PTT_2020_minus_2019,adjacent_year_within_transmitter,CP02-PTT-2020,PTT — 2020,CP02-PTT-2019,PTT — 2019,probability_difference,0.019893899204244,0.0193152867015381,-0.180973718299381,0.223076998751314,0.57639,0.00156257661540163,100000,NumPy PCG64,2026083002,1053,finite,true,ok_conditional_monte_carlo,Exact difference mean; PCG64 median/equal-tail interval/direction probability.
contrast,prior_kappa_8,primary_conservative_method_1,beta_4_4,8,PTT_2020_minus_2019,adjacent_year_within_transmitter,CP02-PTT-2020,PTT — 2020,CP02-PTT-2019,PTT — 2019,odds_ratio,,1.15025704815113,0.269722552050862,4.76679296793064,0.57639,0.00156257661540163,100000,NumPy PCG64,2026083002,1053,finite_but_mean_not_reported_by_contract,true,ok_conditional_monte_carlo,Median/equal-tail quantiles only; no finite mean is reported. The mean is deliberately omitted for schema consistency.
contrast,prior_kappa_8,primary_conservative_method_1,beta_4_4,8,PTT_2021_minus_2020,adjacent_year_within_transmitter,CP02-PTT-2021,PTT — 2021,CP02-PTT-2020,PTT — 2020,probability_difference,-0.041871921182266,-0.0414999418119021,-0.246444384675345,0.159809987120921,0.34003,0.00149803070429147,100000,NumPy PCG64,2026083002,1054,finite,true,ok_conditional_monte_carlo,Exact difference mean; PCG64 median/equal-tail interval/direction probability.
contrast,prior_kappa_8,primary_conservative_method_1,beta_4_4,8,PTT_2021_minus_2020,adjacent_year_within_transmitter,CP02-PTT-2021,PTT — 2021,CP02-PTT-2020,PTT — 2020,odds_ratio,,0.752691562985398,0.185790338928906,2.92404655914334,0.34003,0.00149803070429147,100000,NumPy PCG64,2026083002,1054,finite_but_mean_not_reported_by_contract,true,ok_conditional_monte_carlo,Median/equal-tail quantiles only; no finite mean is reported. The mean is deliberately omitted for schema consistency.
contrast,prior_kappa_8,primary_conservative_method_1,beta_4_4,8,PTT_2022_minus_2021,adjacent_year_within_transmitter,CP02-PTT-2022,PTT — 2022,CP02-PTT-2021,PTT — 2021,probability_difference,0.0892857142857143,0.0876348992842071,-0.0944921120842945,0.282932630732844,0.82824,0.00119272168757007,100000,NumPy PCG64,2026083002,1055,finite,true,ok_conditional_monte_carlo,Exact difference mean; PCG64 median/equal-tail interval/direction probability.
contrast,prior_kappa_8,primary_conservative_method_1,beta_4_4,8,PTT_2022_minus_2021,adjacent_year_within_transmitter,CP02-PTT-2022,PTT — 2022,CP02-PTT-2021,PTT — 2021,odds_ratio,,1.98244493196154,0.486220322522992,9.03525562944354,0.82824,0.00119272168757007,100000,NumPy PCG64,2026083002,1055,finite_but_mean_not_reported_by_contract,true,ok_conditional_monte_carlo,Median/equal-tail quantiles only; no finite mean is reported. The mean is deliberately omitted for schema consistency.
contrast,prior_kappa_16,primary_conservative_method_1,beta_8_8,16,PTT_minus_VHF_2019,transmitter_within_shared_year,CP02-PTT-2019,PTT — 2019,CP02-VHF-2019,VHF — 2019,probability_difference,-0.026610644257703,-0.0258492564193668,-0.223995702967457,0.164471791860175,0.39592,0.00154650364888027,100000,NumPy PCG64,2026083002,1056,finite,true,ok_conditional_monte_carlo,Exact difference mean; PCG64 median/equal-tail interval/direction probability.
contrast,prior_kappa_16,primary_conservative_method_1,beta_8_8,16,PTT_minus_VHF_2019,transmitter_within_shared_year,CP02-PTT-2019,PTT — 2019,CP02-VHF-2019,VHF — 2019,odds_ratio,,0.8675725255984,0.299745807189815,2.51824943023596,0.39592,0.00154650364888027,100000,NumPy PCG64,2026083002,1056,finite_but_mean_not_reported_by_contract,true,ok_conditional_monte_carlo,Median/equal-tail quantiles only; no finite mean is reported. The mean is deliberately omitted for schema consistency.
contrast,prior_kappa_16,primary_conservative_method_1,beta_8_8,16,PTT_minus_VHF_2020,transmitter_within_shared_year,CP02-PTT-2020,PTT — 2020,CP02-VHF-2020,VHF — 2020,probability_difference,-0.0432432432432432,-0.0430576090534139,-0.229426730921821,0.139898270320781,0.32101,0.00147635558013644,100000,NumPy PCG64,2026083002,1057,finite,true,ok_conditional_monte_carlo,Exact difference mean; PCG64 median/equal-tail interval/direction probability.
contrast,prior_kappa_16,primary_conservative_method_1,beta_8_8,16,PTT_minus_VHF_2020,transmitter_within_shared_year,CP02-PTT-2020,PTT — 2020,CP02-VHF-2020,VHF — 2020,odds_ratio,,0.770218880194645,0.25179690980434,2.32945542376761,0.32101,0.00147635558013644,100000,NumPy PCG64,2026083002,1057,finite_but_mean_not_reported_by_contract,true,ok_conditional_monte_carlo,Median/equal-tail quantiles only; no finite mean is reported. The mean is deliberately omitted for schema consistency.
contrast,prior_kappa_16,primary_conservative_method_1,beta_8_8,16,PTT_minus_VHF_2021,transmitter_within_shared_year,CP02-PTT-2021,PTT — 2021,CP02-VHF-2021,VHF — 2021,probability_difference,0.00347222222222221,0.00302460486719891,-0.204675992787669,0.215217575669066,0.51127,0.00158073712900026,100000,NumPy PCG64,2026083002,1058,finite,true,ok_conditional_monte_carlo,Exact difference mean; PCG64 median/equal-tail interval/direction probability.
contrast,prior_kappa_16,primary_conservative_method_1,beta_8_8,16,PTT_minus_VHF_2021,transmitter_within_shared_year,CP02-PTT-2021,PTT — 2021,CP02-VHF-2021,VHF — 2021,odds_ratio,,1.01566956597402,0.341907744495246,2.99045105471291,0.51127,0.00158073712900026,100000,NumPy PCG64,2026083002,1058,finite_but_mean_not_reported_by_contract,true,ok_conditional_monte_carlo,Median/equal-tail quantiles only; no finite mean is reported. The mean is deliberately omitted for schema consistency.
contrast,prior_kappa_16,primary_conservative_method_1,beta_8_8,16,PTT_minus_VHF_2022,transmitter_within_shared_year,CP02-PTT-2022,PTT — 2022,CP02-VHF-2022,VHF — 2022,probability_difference,0.0857142857142857,0.0839684240487503,-0.116220245223161,0.295031849132763,0.79334,0.00128043603666876,100000,NumPy PCG64,2026083002,1059,finite,true,ok_conditional_monte_carlo,Exact difference mean; PCG64 median/equal-tail interval/direction probability.
contrast,prior_kappa_16,primary_conservative_method_1,beta_8_8,16,PTT_minus_VHF_2022,transmitter_within_shared_year,CP02-PTT-2022,PTT — 2022,CP02-VHF-2022,VHF — 2022,odds_ratio,,1.61397410237347,0.504509655550156,5.19588582381641,0.79334,0.00128043603666876,100000,NumPy PCG64,2026083002,1059,finite_but_mean_not_reported_by_contract,true,ok_conditional_monte_carlo,Median/equal-tail quantiles only; no finite mean is reported. The mean is deliberately omitted for schema consistency.
contrast,prior_kappa_16,primary_conservative_method_1,beta_8_8,16,VHF_2016_minus_2015,adjacent_year_within_transmitter,CP02-VHF-2016,VHF — 2016,CP02-VHF-2015,VHF — 2015,probability_difference,0.0913978494623656,0.0891067345510118,-0.087833212543749,0.280999083686771,0.83703,0.00116795025193713,100000,NumPy PCG64,2026083002,1060,finite,true,ok_conditional_monte_carlo,Exact difference mean; PCG64 median/equal-tail interval/direction probability.
contrast,prior_kappa_16,primary_conservative_method_1,beta_8_8,16,VHF_2016_minus_2015,adjacent_year_within_transmitter,CP02-VHF-2016,VHF — 2016,CP02-VHF-2015,VHF — 2015,odds_ratio,,1.75299875175354,0.561587504503999,5.49652074661064,0.83703,0.00116795025193713,100000,NumPy PCG64,2026083002,1060,finite_but_mean_not_reported_by_contract,true,ok_conditional_monte_carlo,Median/equal-tail quantiles only; no finite mean is reported. The mean is deliberately omitted for schema consistency.
contrast,prior_kappa_16,primary_conservative_method_1,beta_8_8,16,VHF_2017_minus_2016,adjacent_year_within_transmitter,CP02-VHF-2017,VHF — 2017,CP02-VHF-2016,VHF — 2016,probability_difference,-0.0619047619047619,-0.0602219793014552,-0.239559487625516,0.105628742046957,0.24112,0.00135270523618414,100000,NumPy PCG64,2026083002,1061,finite,true,ok_conditional_monte_carlo,Exact difference mean; PCG64 median/equal-tail interval/direction probability.
contrast,prior_kappa_16,primary_conservative_method_1,beta_8_8,16,VHF_2017_minus_2016,adjacent_year_within_transmitter,CP02-VHF-2017,VHF — 2017,CP02-VHF-2016,VHF — 2016,odds_ratio,,0.671058366027133,0.21592022674373,2.05869248681339,0.24112,0.00135270523618414,100000,NumPy PCG64,2026083002,1061,finite_but_mean_not_reported_by_contract,true,ok_conditional_monte_carlo,Median/equal-tail quantiles only; no finite mean is reported. The mean is deliberately omitted for schema consistency.
contrast,prior_kappa_16,primary_conservative_method_1,beta_8_8,16,VHF_2018_minus_2017,adjacent_year_within_transmitter,CP02-VHF-2018,VHF — 2018,CP02-VHF-2017,VHF — 2017,probability_difference,0.0334494773519164,0.032540241834502,-0.146075816076132,0.218962083599026,0.63905,0.00151876626740259,100000,NumPy PCG64,2026083002,1062,finite,true,ok_conditional_monte_carlo,Exact difference mean; PCG64 median/equal-tail interval/direction probability.
contrast,prior_kappa_16,primary_conservative_method_1,beta_8_8,16,VHF_2018_minus_2017,adjacent_year_within_transmitter,CP02-VHF-2018,VHF — 2018,CP02-VHF-2017,VHF — 2017,odds_ratio,,1.22610672970522,0.39672668759528,3.8444455820532,0.63905,0.00151876626740259,100000,NumPy PCG64,2026083002,1062,finite_but_mean_not_reported_by_contract,true,ok_conditional_monte_carlo,Median/equal-tail quantiles only; no finite mean is reported. The mean is deliberately omitted for schema consistency.
contrast,prior_kappa_16,primary_conservative_method_1,beta_8_8,16,VHF_2019_minus_2018,adjacent_year_within_transmitter,CP02-VHF-2019,VHF — 2019,CP02-VHF-2018,VHF — 2018,probability_difference,-0.042973286875726,-0.0425464352636333,-0.217387329301144,0.132575652506003,0.31592,0.00147008351327399,100000,NumPy PCG64,2026083002,1063,finite,true,ok_conditional_monte_carlo,Exact difference mean; PCG64 median/equal-tail interval/direction probability.
contrast,prior_kappa_16,primary_conservative_method_1,beta_8_8,16,VHF_2019_minus_2018,adjacent_year_within_transmitter,CP02-VHF-2019,VHF — 2019,CP02-VHF-2018,VHF — 2018,odds_ratio,,0.769809903605971,0.258850852760242,2.21642547540681,0.31592,0.00147008351327399,100000,NumPy PCG64,2026083002,1063,finite_but_mean_not_reported_by_contract,true,ok_conditional_monte_carlo,Median/equal-tail quantiles only; no finite mean is reported. The mean is deliberately omitted for schema consistency.
contrast,prior_kappa_16,primary_conservative_method_1,beta_8_8,16,VHF_2020_minus_2019,adjacent_year_within_transmitter,CP02-VHF-2020,VHF — 2020,CP02-VHF-2019,VHF — 2019,probability_difference,0.0380952380952382,0.0385831391361748,-0.140333672253466,0.213853152059417,0.66561,0.00149188916444889,100000,NumPy PCG64,2026083002,1064,finite,true,ok_conditional_monte_carlo,Exact difference mean; PCG64 median/equal-tail interval/direction probability.
contrast,prior_kappa_16,primary_conservative_method_1,beta_8_8,16,VHF_2020_minus_2019,adjacent_year_within_transmitter,CP02-VHF-2020,VHF — 2020,CP02-VHF-2019,VHF — 2019,odds_ratio,,1.26402894518163,0.432932815616808,3.74340217500635,0.66561,0.00149188916444889,100000,NumPy PCG64,2026083002,1064,finite_but_mean_not_reported_by_contract,true,ok_conditional_monte_carlo,Median/equal-tail quantiles only; no finite mean is reported. The mean is deliberately omitted for schema consistency.
contrast,prior_kappa_16,primary_conservative_method_1,beta_8_8,16,VHF_2021_minus_2020,adjacent_year_within_transmitter,CP02-VHF-2021,VHF — 2021,CP02-VHF-2020,VHF — 2020,probability_difference,-0.08125,-0.0798700342432909,-0.280341037218435,0.113623145437025,0.20849,0.00128460857812798,100000,NumPy PCG64,2026083002,1065,finite,true,ok_conditional_monte_carlo,Exact difference mean; PCG64 median/equal-tail interval/direction probability.
contrast,prior_kappa_16,primary_conservative_method_1,beta_8_8,16,VHF_2021_minus_2020,adjacent_year_within_transmitter,CP02-VHF-2021,VHF — 2021,CP02-VHF-2020,VHF — 2020,odds_ratio,,0.633184903253664,0.204309025358967,1.9429282953255,0.20849,0.00128460857812798,100000,NumPy PCG64,2026083002,1065,finite_but_mean_not_reported_by_contract,true,ok_conditional_monte_carlo,Median/equal-tail quantiles only; no finite mean is reported. The mean is deliberately omitted for schema consistency.
contrast,prior_kappa_16,primary_conservative_method_1,beta_8_8,16,VHF_2022_minus_2021,adjacent_year_within_transmitter,CP02-VHF-2022,VHF — 2022,CP02-VHF-2021,VHF — 2021,probability_difference,-0.0044642857142857,-0.00333530938648219,-0.231904333956325,0.220868240389515,0.48821,0.00158069919940512,100000,NumPy PCG64,2026083002,1066,finite,true,ok_conditional_monte_carlo,Exact difference mean; PCG64 median/equal-tail interval/direction probability.
contrast,prior_kappa_16,primary_conservative_method_1,beta_8_8,16,VHF_2022_minus_2021,adjacent_year_within_transmitter,CP02-VHF-2022,VHF — 2022,CP02-VHF-2021,VHF — 2021,odds_ratio,,0.983209528468839,0.307979894563189,3.15391264107017,0.48821,0.00158069919940512,100000,NumPy PCG64,2026083002,1066,finite_but_mean_not_reported_by_contract,true,ok_conditional_monte_carlo,Median/equal-tail quantiles only; no finite mean is reported. The mean is deliberately omitted for schema consistency.
contrast,prior_kappa_16,primary_conservative_method_1,beta_8_8,16,PTT_2020_minus_2019,adjacent_year_within_transmitter,CP02-PTT-2020,PTT — 2020,CP02-PTT-2019,PTT — 2019,probability_difference,0.0214626391096979,0.0211587992980279,-0.177365966652996,0.222501054058217,0.58296,0.00155922300650035,100000,NumPy PCG64,2026083002,1067,finite,true,ok_conditional_monte_carlo,Exact difference mean; PCG64 median/equal-tail interval/direction probability.
contrast,prior_kappa_16,primary_conservative_method_1,beta_8_8,16,PTT_2020_minus_2019,adjacent_year_within_transmitter,CP02-PTT-2020,PTT — 2020,CP02-PTT-2019,PTT — 2019,odds_ratio,,1.12295568885029,0.374643517657335,3.37720455736497,0.58296,0.00155922300650035,100000,NumPy PCG64,2026083002,1067,finite_but_mean_not_reported_by_contract,true,ok_conditional_monte_carlo,Median/equal-tail quantiles only; no finite mean is reported. The mean is deliberately omitted for schema consistency.
contrast,prior_kappa_16,primary_conservative_method_1,beta_8_8,16,PTT_2021_minus_2020,adjacent_year_within_transmitter,CP02-PTT-2021,PTT — 2021,CP02-PTT-2020,PTT — 2020,probability_difference,-0.0345345345345346,-0.0349416665124775,-0.233336721376278,0.164113736658985,0.36638,0.00152363281534627,100000,NumPy PCG64,2026083002,1068,finite,true,ok_conditional_monte_carlo,Exact difference mean; PCG64 median/equal-tail interval/direction probability.
contrast,prior_kappa_16,primary_conservative_method_1,beta_8_8,16,PTT_2021_minus_2020,adjacent_year_within_transmitter,CP02-PTT-2021,PTT — 2021,CP02-PTT-2020,PTT — 2020,odds_ratio,,0.82952848534384,0.28277283683219,2.42828852774393,0.36638,0.00152363281534627,100000,NumPy PCG64,2026083002,1068,finite_but_mean_not_reported_by_contract,true,ok_conditional_monte_carlo,Median/equal-tail quantiles only; no finite mean is reported. The mean is deliberately omitted for schema consistency.
contrast,prior_kappa_16,primary_conservative_method_1,beta_8_8,16,PTT_2022_minus_2021,adjacent_year_within_transmitter,CP02-PTT-2022,PTT — 2022,CP02-PTT-2021,PTT — 2021,probability_difference,0.0777777777777778,0.0776738297856573,-0.110430492380276,0.268520798330599,0.79042,0.00128707507007167,100000,NumPy PCG64,2026083002,1069,finite,true,ok_conditional_monte_carlo,Exact difference mean; PCG64 median/equal-tail interval/direction probability.
contrast,prior_kappa_16,primary_conservative_method_1,beta_8_8,16,PTT_2022_minus_2021,adjacent_year_within_transmitter,CP02-PTT-2022,PTT — 2022,CP02-PTT-2021,PTT — 2021,odds_ratio,,1.56222557687229,0.531486225342649,4.7087969534053,0.79042,0.00128707507007167,100000,NumPy PCG64,2026083002,1069,finite_but_mean_not_reported_by_contract,true,ok_conditional_monte_carlo,Median/equal-tail quantiles only; no finite mean is reported. The mean is deliberately omitted for schema consistency.
contrast,secondary_liberal,secondary_liberal_method_2,beta_2_2,4,PTT_minus_VHF_2019,transmitter_within_shared_year,CP02-PTT-2019,PTT — 2019,CP02-VHF-2019,VHF — 2019,probability_difference,0.0488095238095237,0.0521052834233187,-0.172249677935941,0.25763788361613,0.68147,0.00147332494413147,100000,NumPy PCG64,2026083002,1070,finite,true,ok_conditional_monte_carlo,Exact difference mean; PCG64 median/equal-tail interval/direction probability.
contrast,secondary_liberal,secondary_liberal_method_2,beta_2_2,4,PTT_minus_VHF_2019,transmitter_within_shared_year,CP02-PTT-2019,PTT — 2019,CP02-VHF-2019,VHF — 2019,odds_ratio,,1.35891361789814,0.389011747611115,5.19705944831558,0.68147,0.00147332494413147,100000,NumPy PCG64,2026083002,1070,finite_but_mean_not_reported_by_contract,true,ok_conditional_monte_carlo,Median/equal-tail quantiles only; no finite mean is reported. The mean is deliberately omitted for schema consistency.
contrast,secondary_liberal,secondary_liberal_method_2,beta_2_2,4,PTT_minus_VHF_2020,transmitter_within_shared_year,CP02-PTT-2020,PTT — 2020,CP02-VHF-2020,VHF — 2020,probability_difference,-0.0518518518518519,-0.0501938390804816,-0.24302280902265,0.13605974964044,0.29281,0.00143900070847794,100000,NumPy PCG64,2026083002,1071,finite,true,ok_conditional_monte_carlo,Exact difference mean; PCG64 median/equal-tail interval/direction probability.
contrast,secondary_liberal,secondary_liberal_method_2,beta_2_2,4,PTT_minus_VHF_2020,transmitter_within_shared_year,CP02-PTT-2020,PTT — 2020,CP02-VHF-2020,VHF — 2020,odds_ratio,,0.663272185657697,0.141368431671423,2.92809388304247,0.29281,0.00143900070847794,100000,NumPy PCG64,2026083002,1071,finite_but_mean_not_reported_by_contract,true,ok_conditional_monte_carlo,Median/equal-tail quantiles only; no finite mean is reported. The mean is deliberately omitted for schema consistency.
contrast,secondary_liberal,secondary_liberal_method_2,beta_2_2,4,PTT_minus_VHF_2021,transmitter_within_shared_year,CP02-PTT-2021,PTT — 2021,CP02-VHF-2021,VHF — 2021,probability_difference,0.153333333333333,0.154446148635442,-0.0793468635930318,0.38347141924558,0.90306,0.000935642220082014,100000,NumPy PCG64,2026083002,1072,finite,true,ok_conditional_monte_carlo,Exact difference mean; PCG64 median/equal-tail interval/direction probability.
contrast,secondary_liberal,secondary_liberal_method_2,beta_2_2,4,PTT_minus_VHF_2021,transmitter_within_shared_year,CP02-PTT-2021,PTT — 2021,CP02-VHF-2021,VHF — 2021,odds_ratio,,2.48340358212225,0.642172690013653,11.1674300075914,0.90306,0.000935642220082014,100000,NumPy PCG64,2026083002,1072,finite_but_mean_not_reported_by_contract,true,ok_conditional_monte_carlo,Median/equal-tail quantiles only; no finite mean is reported. The mean is deliberately omitted for schema consistency.
contrast,secondary_liberal,secondary_liberal_method_2,beta_2_2,4,PTT_minus_VHF_2022,transmitter_within_shared_year,CP02-PTT-2022,PTT — 2022,CP02-VHF-2022,VHF — 2022,probability_difference,0.228571428571429,0.224309403122031,0.0214280924730956,0.455527573953354,0.9851,0.000383118650028944,100000,NumPy PCG64,2026083002,1073,finite,true,ok_conditional_monte_carlo,Exact difference mean; PCG64 median/equal-tail interval/direction probability.
contrast,secondary_liberal,secondary_liberal_method_2,beta_2_2,4,PTT_minus_VHF_2022,transmitter_within_shared_year,CP02-PTT-2022,PTT — 2022,CP02-VHF-2022,VHF — 2022,odds_ratio,,6.42308045388757,1.18470921237072,55.0107882640322,0.9851,0.000383118650028944,100000,NumPy PCG64,2026083002,1073,finite_but_mean_not_reported_by_contract,true,ok_conditional_monte_carlo,Median/equal-tail quantiles only; no finite mean is reported. The mean is deliberately omitted for schema consistency.
contrast,secondary_liberal,secondary_liberal_method_2,beta_2_2,4,VHF_2016_minus_2015,adjacent_year_within_transmitter,CP02-VHF-2016,VHF — 2016,CP02-VHF-2015,VHF — 2015,probability_difference,0.0497076023391813,0.0406515268036057,-0.085961976320001,0.228146103709593,0.73611,0.00139374340500682,100000,NumPy PCG64,2026083002,1074,finite,true,ok_conditional_monte_carlo,Exact difference mean; PCG64 median/equal-tail interval/direction probability.
contrast,secondary_liberal,secondary_liberal_method_2,beta_2_2,4,VHF_2016_minus_2015,adjacent_year_within_transmitter,CP02-VHF-2016,VHF — 2016,CP02-VHF-2015,VHF — 2015,odds_ratio,,2.02884860197059,0.197538907603032,21.1025274204505,0.73611,0.00139374340500682,100000,NumPy PCG64,2026083002,1074,finite_but_mean_not_reported_by_contract,true,ok_conditional_monte_carlo,Median/equal-tail quantiles only; no finite mean is reported. The mean is deliberately omitted for schema consistency.
contrast,secondary_liberal,secondary_liberal_method_2,beta_2_2,4,VHF_2017_minus_2016,adjacent_year_within_transmitter,CP02-VHF-2017,VHF — 2017,CP02-VHF-2016,VHF — 2016,probability_difference,-0.136752136752137,-0.132004225759855,-0.316565126228284,0.0162634005441277,0.04034,0.000622195181594972,100000,NumPy PCG64,2026083002,1075,finite,true,ok_conditional_monte_carlo,Exact difference mean; PCG64 median/equal-tail interval/direction probability.
contrast,secondary_liberal,secondary_liberal_method_2,beta_2_2,4,VHF_2017_minus_2016,adjacent_year_within_transmitter,CP02-VHF-2017,VHF — 2017,CP02-VHF-2016,VHF — 2016,odds_ratio,,0.219257969901352,0.0258516487250656,1.20537456980008,0.04034,0.000622195181594972,100000,NumPy PCG64,2026083002,1075,finite_but_mean_not_reported_by_contract,true,ok_conditional_monte_carlo,Median/equal-tail quantiles only; no finite mean is reported. The mean is deliberately omitted for schema consistency.
contrast,secondary_liberal,secondary_liberal_method_2,beta_2_2,4,VHF_2018_minus_2017,adjacent_year_within_transmitter,CP02-VHF-2018,VHF — 2018,CP02-VHF-2017,VHF — 2017,probability_difference,0.0632754342431762,0.0609796276419405,-0.121615008160794,0.259612367748225,0.7451,0.00137813638657428,100000,NumPy PCG64,2026083002,1076,finite,true,ok_conditional_monte_carlo,Exact difference mean; PCG64 median/equal-tail interval/direction probability.
contrast,secondary_liberal,secondary_liberal_method_2,beta_2_2,4,VHF_2018_minus_2017,adjacent_year_within_transmitter,CP02-VHF-2018,VHF — 2018,CP02-VHF-2017,VHF — 2017,odds_ratio,,1.64497191203264,0.377550833614622,7.66855152271884,0.7451,0.00137813638657428,100000,NumPy PCG64,2026083002,1076,finite_but_mean_not_reported_by_contract,true,ok_conditional_monte_carlo,Median/equal-tail quantiles only; no finite mean is reported. The mean is deliberately omitted for schema consistency.
contrast,secondary_liberal,secondary_liberal_method_2,beta_2_2,4,VHF_2019_minus_2018,adjacent_year_within_transmitter,CP02-VHF-2019,VHF — 2019,CP02-VHF-2018,VHF — 2018,probability_difference,-0.128110599078341,-0.128334128604946,-0.31205616475362,0.0581947259918032,0.08696,0.000891055320392623,100000,NumPy PCG64,2026083002,1077,finite,true,ok_conditional_monte_carlo,Exact difference mean; PCG64 median/equal-tail interval/direction probability.
contrast,secondary_liberal,secondary_liberal_method_2,beta_2_2,4,VHF_2019_minus_2018,adjacent_year_within_transmitter,CP02-VHF-2019,VHF — 2019,CP02-VHF-2018,VHF — 2018,odds_ratio,,0.405910382960485,0.09620115733844,1.4649922673241,0.08696,0.000891055320392623,100000,NumPy PCG64,2026083002,1077,finite_but_mean_not_reported_by_contract,true,ok_conditional_monte_carlo,Median/equal-tail quantiles only; no finite mean is reported. The mean is deliberately omitted for schema consistency.
contrast,secondary_liberal,secondary_liberal_method_2,beta_2_2,4,VHF_2020_minus_2019,adjacent_year_within_transmitter,CP02-VHF-2020,VHF — 2020,CP02-VHF-2019,VHF — 2019,probability_difference,0.123809523809524,0.124246272341973,-0.0644163006844061,0.310203573727966,0.90405,0.000931362429454828,100000,NumPy PCG64,2026083002,1078,finite,true,ok_conditional_monte_carlo,Exact difference mean; PCG64 median/equal-tail interval/direction probability.
contrast,secondary_liberal,secondary_liberal_method_2,beta_2_2,4,VHF_2020_minus_2019,adjacent_year_within_transmitter,CP02-VHF-2020,VHF — 2020,CP02-VHF-2019,VHF — 2019,odds_ratio,,2.37214742561078,0.660528423407824,9.99088297894972,0.90405,0.000931362429454828,100000,NumPy PCG64,2026083002,1078,finite_but_mean_not_reported_by_contract,true,ok_conditional_monte_carlo,Median/equal-tail quantiles only; no finite mean is reported. The mean is deliberately omitted for schema consistency.
contrast,secondary_liberal,secondary_liberal_method_2,beta_2_2,4,VHF_2021_minus_2020,adjacent_year_within_transmitter,CP02-VHF-2021,VHF — 2021,CP02-VHF-2020,VHF — 2020,probability_difference,-0.186666666666667,-0.185822497965275,-0.404776845536242,0.0264476524973861,0.04295,0.000641134131832022,100000,NumPy PCG64,2026083002,1079,finite,true,ok_conditional_monte_carlo,Exact difference mean; PCG64 median/equal-tail interval/direction probability.
contrast,secondary_liberal,secondary_liberal_method_2,beta_2_2,4,VHF_2021_minus_2020,adjacent_year_within_transmitter,CP02-VHF-2021,VHF — 2021,CP02-VHF-2020,VHF — 2020,odds_ratio,,0.307097377088652,0.0695694391950605,1.17556997502595,0.04295,0.000641134131832022,100000,NumPy PCG64,2026083002,1079,finite_but_mean_not_reported_by_contract,true,ok_conditional_monte_carlo,Median/equal-tail quantiles only; no finite mean is reported. The mean is deliberately omitted for schema consistency.
contrast,secondary_liberal,secondary_liberal_method_2,beta_2_2,4,VHF_2022_minus_2021,adjacent_year_within_transmitter,CP02-VHF-2022,VHF — 2022,CP02-VHF-2021,VHF — 2021,probability_difference,0.0199999999999999,0.0204809819393832,-0.250161570012743,0.280552060037098,0.56027,0.00156960991045546,100000,NumPy PCG64,2026083002,1080,finite,true,ok_conditional_monte_carlo,Exact difference mean; PCG64 median/equal-tail interval/direction probability.
contrast,secondary_liberal,secondary_liberal_method_2,beta_2_2,4,VHF_2022_minus_2021,adjacent_year_within_transmitter,CP02-VHF-2022,VHF — 2022,CP02-VHF-2021,VHF — 2021,odds_ratio,,1.10472530901111,0.302887265180951,4.19679686664379,0.56027,0.00156960991045546,100000,NumPy PCG64,2026083002,1080,finite_but_mean_not_reported_by_contract,true,ok_conditional_monte_carlo,Median/equal-tail quantiles only; no finite mean is reported. The mean is deliberately omitted for schema consistency.
contrast,secondary_liberal,secondary_liberal_method_2,beta_2_2,4,PTT_2020_minus_2019,adjacent_year_within_transmitter,CP02-PTT-2020,PTT — 2020,CP02-PTT-2019,PTT — 2019,probability_difference,0.0231481481481481,0.0222555261281456,-0.190216817156251,0.241968887379026,0.58375,0.00155880062066962,100000,NumPy PCG64,2026083002,1081,finite,true,ok_conditional_monte_carlo,Exact difference mean; PCG64 median/equal-tail interval/direction probability.
contrast,secondary_liberal,secondary_liberal_method_2,beta_2_2,4,PTT_2020_minus_2019,adjacent_year_within_transmitter,CP02-PTT-2020,PTT — 2020,CP02-PTT-2019,PTT — 2019,odds_ratio,,1.1633927736492,0.273072155511731,4.97060746209008,0.58375,0.00155880062066962,100000,NumPy PCG64,2026083002,1081,finite_but_mean_not_reported_by_contract,true,ok_conditional_monte_carlo,Median/equal-tail quantiles only; no finite mean is reported. The mean is deliberately omitted for schema consistency.
contrast,secondary_liberal,secondary_liberal_method_2,beta_2_2,4,PTT_2021_minus_2020,adjacent_year_within_transmitter,CP02-PTT-2021,PTT — 2021,CP02-PTT-2020,PTT — 2020,probability_difference,0.0185185185185186,0.0189213051365436,-0.193577607184812,0.224194933502717,0.57333,0.00156404191471968,100000,NumPy PCG64,2026083002,1082,finite,true,ok_conditional_monte_carlo,Exact difference mean; PCG64 median/equal-tail interval/direction probability.
contrast,secondary_liberal,secondary_liberal_method_2,beta_2_2,4,PTT_2021_minus_2020,adjacent_year_within_transmitter,CP02-PTT-2021,PTT — 2021,CP02-PTT-2020,PTT — 2020,odds_ratio,,1.15294763467216,0.254452444564045,5.49442628578915,0.57333,0.00156404191471968,100000,NumPy PCG64,2026083002,1082,finite_but_mean_not_reported_by_contract,true,ok_conditional_monte_carlo,Median/equal-tail quantiles only; no finite mean is reported. The mean is deliberately omitted for schema consistency.
contrast,secondary_liberal,secondary_liberal_method_2,beta_2_2,4,PTT_2022_minus_2021,adjacent_year_within_transmitter,CP02-PTT-2022,PTT — 2022,CP02-PTT-2021,PTT — 2021,probability_difference,0.0952380952380952,0.0912372803208308,-0.0698941123979866,0.281931393172968,0.87415,0.00104886499369557,100000,NumPy PCG64,2026083002,1083,finite,true,ok_conditional_monte_carlo,Exact difference mean; PCG64 median/equal-tail interval/direction probability.
contrast,secondary_liberal,secondary_liberal_method_2,beta_2_2,4,PTT_2022_minus_2021,adjacent_year_within_transmitter,CP02-PTT-2022,PTT — 2022,CP02-PTT-2021,PTT — 2021,odds_ratio,,2.88814745163075,0.475735824055804,25.3989718630945,0.87415,0.00104886499369557,100000,NumPy PCG64,2026083002,1083,finite_but_mean_not_reported_by_contract,true,ok_conditional_monte_carlo,Median/equal-tail quantiles only; no finite mean is reported. The mean is deliberately omitted for schema consistency.
