schema_version,relation_id,relation_type,source_entity_id,target_entity_id,target_ref,source_path,source_order
o006.random.backend.relation.v1,O006-90-005468,asset-target,O006-016-06-0001,,random/icons/Icon.svg,random/point/Sufficient.html,2
o006.random.backend.relation.v1,O006-90-005469,contains,O006-016-00-0001,O006-016-06-0001,,random/point/Sufficient.html,2
o006.random.backend.relation.v1,O006-90-005470,asset-target,O006-016-06-0002,,random/Screen.css,random/point/Sufficient.html,3
o006.random.backend.relation.v1,O006-90-005471,contains,O006-016-00-0001,O006-016-06-0002,,random/point/Sufficient.html,3
o006.random.backend.relation.v1,O006-90-005472,contains,O006-016-00-0001,O006-016-07-0001,,random/point/Sufficient.html,4
o006.random.backend.relation.v1,O006-90-005473,internal-link-target,O006-016-07-0001,O006-017-00-0001,random/interval/index.html,random/point/Sufficient.html,4
o006.random.backend.relation.v1,O006-90-005474,asset-target,O006-016-06-0003,,random/Basic.js,random/point/Sufficient.html,5
o006.random.backend.relation.v1,O006-90-005475,contains,O006-016-00-0001,O006-016-06-0003,,random/point/Sufficient.html,5
o006.random.backend.relation.v1,O006-90-005476,asset-target,O006-016-06-0004,,MathJax/tex-svg.js,random/point/Sufficient.html,6
o006.random.backend.relation.v1,O006-90-005477,contains,O006-016-00-0001,O006-016-06-0004,,random/point/Sufficient.html,6
o006.random.backend.relation.v1,O006-90-005478,contains,O006-016-00-0001,O006-016-04-0001,,random/point/Sufficient.html,7
o006.random.backend.relation.v1,O006-90-005479,contains,O006-016-00-0001,O006-016-07-0002,,random/point/Sufficient.html,8
o006.random.backend.relation.v1,O006-90-005480,internal-link-reference,O006-016-07-0002,,random/index.html,random/point/Sufficient.html,8
o006.random.backend.relation.v1,O006-90-005481,contains,O006-016-00-0001,O006-016-07-0003,,random/point/Sufficient.html,9
o006.random.backend.relation.v1,O006-90-005482,internal-link-target,O006-016-07-0003,O006-010-00-0001,random/point/index.html,random/point/Sufficient.html,9
o006.random.backend.relation.v1,O006-90-005483,contains,O006-016-00-0001,O006-016-07-0004,,random/point/Sufficient.html,10
o006.random.backend.relation.v1,O006-90-005484,internal-link-target,O006-016-07-0004,O006-011-00-0001,random/point/Estimators.html,random/point/Sufficient.html,10
o006.random.backend.relation.v1,O006-90-005485,contains,O006-016-00-0001,O006-016-07-0005,,random/point/Sufficient.html,11
o006.random.backend.relation.v1,O006-90-005486,internal-link-target,O006-016-07-0005,O006-012-00-0001,random/point/Moments.html,random/point/Sufficient.html,11
o006.random.backend.relation.v1,O006-90-005487,contains,O006-016-00-0001,O006-016-07-0006,,random/point/Sufficient.html,12
o006.random.backend.relation.v1,O006-90-005488,internal-link-target,O006-016-07-0006,O006-013-00-0001,random/point/Likelihood.html,random/point/Sufficient.html,12
o006.random.backend.relation.v1,O006-90-005489,contains,O006-016-00-0001,O006-016-07-0007,,random/point/Sufficient.html,13
o006.random.backend.relation.v1,O006-90-005490,internal-link-target,O006-016-07-0007,O006-014-00-0001,random/point/Bayes.html,random/point/Sufficient.html,13
o006.random.backend.relation.v1,O006-90-005491,contains,O006-016-00-0001,O006-016-07-0008,,random/point/Sufficient.html,14
o006.random.backend.relation.v1,O006-90-005492,internal-link-target,O006-016-07-0008,O006-015-00-0001,random/point/Unbiased.html,random/point/Sufficient.html,14
o006.random.backend.relation.v1,O006-90-005493,asset-target,O006-016-06-0005,,random/icons/Plus.svg,random/point/Sufficient.html,15
o006.random.backend.relation.v1,O006-90-005494,contains,O006-016-00-0001,O006-016-06-0005,,random/point/Sufficient.html,15
o006.random.backend.relation.v1,O006-90-005495,asset-target,O006-016-06-0006,,random/icons/Minus.svg,random/point/Sufficient.html,16
o006.random.backend.relation.v1,O006-90-005496,contains,O006-016-00-0001,O006-016-06-0006,,random/point/Sufficient.html,16
o006.random.backend.relation.v1,O006-90-005497,contains,O006-016-00-0001,O006-016-01-0001,,random/point/Sufficient.html,17
o006.random.backend.relation.v1,O006-90-005498,contains,O006-016-01-0001,O006-016-01-0002,,random/point/Sufficient.html,18
o006.random.backend.relation.v1,O006-90-005499,contains,O006-016-01-0002,O006-016-01-0003,,random/point/Sufficient.html,19
o006.random.backend.relation.v1,O006-90-005500,contains,O006-016-01-0003,O006-016-04-0002,,random/point/Sufficient.html,20
o006.random.backend.relation.v1,O006-90-005501,contains,O006-016-04-0002,O006-016-07-0009,,random/point/Sufficient.html,21
o006.random.backend.relation.v1,O006-90-005502,internal-link-target,O006-016-07-0009,O006-002-00-0001,random/sample/Introduction.html,random/point/Sufficient.html,21
o006.random.backend.relation.v1,O006-90-005503,contains,O006-016-04-0002,O006-016-07-0010,,random/point/Sufficient.html,22
o006.random.backend.relation.v1,O006-90-005504,internal-link-reference,O006-016-07-0010,,random/prob/Experiments.html,random/point/Sufficient.html,22
o006.random.backend.relation.v1,O006-90-005505,contains,O006-016-04-0002,O006-016-07-0011,,random/point/Sufficient.html,23
o006.random.backend.relation.v1,O006-90-005506,internal-link-reference,O006-016-07-0011,,random/prob/Probability.html,random/point/Sufficient.html,23
o006.random.backend.relation.v1,O006-90-005507,contains,O006-016-01-0003,O006-016-04-0003,,random/point/Sufficient.html,24
o006.random.backend.relation.v1,O006-90-005508,contains,O006-016-04-0003,O006-016-07-0012,,random/point/Sufficient.html,25
o006.random.backend.relation.v1,O006-90-005509,internal-link-target,O006-016-07-0012,O006-002-00-0001,random/sample/Introduction.html,random/point/Sufficient.html,25
o006.random.backend.relation.v1,O006-90-005510,contains,O006-016-01-0002,O006-016-01-0004,,random/point/Sufficient.html,26
o006.random.backend.relation.v1,O006-90-005511,contains,O006-016-01-0004,O006-016-04-0004,,random/point/Sufficient.html,27
o006.random.backend.relation.v1,O006-90-005512,contains,O006-016-01-0004,O006-016-02-0001,,random/point/Sufficient.html,28
o006.random.backend.relation.v1,O006-90-005513,contains,O006-016-02-0001,O006-016-04-0005,,random/point/Sufficient.html,29
o006.random.backend.relation.v1,O006-90-005514,contains,O006-016-04-0005,O006-016-07-0013,,random/point/Sufficient.html,30
o006.random.backend.relation.v1,O006-90-005515,internal-link-reference,O006-016-07-0013,,random/dist/Conditional.html,random/point/Sufficient.html,30
o006.random.backend.relation.v1,O006-90-005516,contains,O006-016-01-0004,O006-016-04-0006,,random/point/Sufficient.html,31
o006.random.backend.relation.v1,O006-90-005517,contains,O006-016-01-0004,O006-016-02-0002,,random/point/Sufficient.html,32
o006.random.backend.relation.v1,O006-90-005518,contains,O006-016-02-0002,O006-016-04-0007,,random/point/Sufficient.html,33
o006.random.backend.relation.v1,O006-90-005519,contains,O006-016-04-0007,O006-016-07-0014,,random/point/Sufficient.html,34
o006.random.backend.relation.v1,O006-90-005520,internal-link-reference,O006-016-07-0014,,random/dist/Discrete.html,random/point/Sufficient.html,34
o006.random.backend.relation.v1,O006-90-005521,contains,O006-016-02-0002,O006-016-03-0001,,random/point/Sufficient.html,35
o006.random.backend.relation.v1,O006-90-005522,details-parent,O006-016-03-0001,O006-016-02-0002,,random/point/Sufficient.html,35
o006.random.backend.relation.v1,O006-90-005523,contains,O006-016-03-0001,O006-016-04-0008,,random/point/Sufficient.html,36
o006.random.backend.relation.v1,O006-90-005524,contains,O006-016-01-0004,O006-016-04-0009,,random/point/Sufficient.html,37
o006.random.backend.relation.v1,O006-90-005525,contains,O006-016-04-0009,O006-016-07-0015,,random/point/Sufficient.html,38
o006.random.backend.relation.v1,O006-90-005526,internal-link-target,O006-016-07-0015,O006-016-02-0001,random/point/Sufficient.html#suf1,random/point/Sufficient.html,38
o006.random.backend.relation.v1,O006-90-005527,contains,O006-016-04-0009,O006-016-07-0016,,random/point/Sufficient.html,39
o006.random.backend.relation.v1,O006-90-005528,internal-link-reference,O006-016-07-0016,,random/biographies/Fisher.html,random/point/Sufficient.html,39
o006.random.backend.relation.v1,O006-90-005529,contains,O006-016-04-0009,O006-016-07-0017,,random/point/Sufficient.html,40
o006.random.backend.relation.v1,O006-90-005530,internal-link-reference,O006-016-07-0017,,random/biographies/Neyman.html,random/point/Sufficient.html,40
o006.random.backend.relation.v1,O006-90-005531,contains,O006-016-01-0004,O006-016-02-0003,,random/point/Sufficient.html,41
o006.random.backend.relation.v1,O006-90-005532,contains,O006-016-02-0003,O006-016-04-0010,,random/point/Sufficient.html,42
o006.random.backend.relation.v1,O006-90-005533,contains,O006-016-02-0003,O006-016-03-0002,,random/point/Sufficient.html,43
o006.random.backend.relation.v1,O006-90-005534,details-parent,O006-016-03-0002,O006-016-02-0003,,random/point/Sufficient.html,43
o006.random.backend.relation.v1,O006-90-005535,contains,O006-016-03-0002,O006-016-04-0011,,random/point/Sufficient.html,44
o006.random.backend.relation.v1,O006-90-005536,contains,O006-016-01-0004,O006-016-04-0012,,random/point/Sufficient.html,45
o006.random.backend.relation.v1,O006-90-005537,contains,O006-016-01-0004,O006-016-02-0004,,random/point/Sufficient.html,46
o006.random.backend.relation.v1,O006-90-005538,contains,O006-016-02-0004,O006-016-04-0013,,random/point/Sufficient.html,47
o006.random.backend.relation.v1,O006-90-005539,contains,O006-016-04-0013,O006-016-07-0018,,random/point/Sufficient.html,48
o006.random.backend.relation.v1,O006-90-005540,internal-link-target,O006-016-07-0018,O006-002-00-0001,random/sample/Introduction.html,random/point/Sufficient.html,48
o006.random.backend.relation.v1,O006-90-005541,contains,O006-016-01-0002,O006-016-01-0005,,random/point/Sufficient.html,49
o006.random.backend.relation.v1,O006-90-005542,contains,O006-016-01-0005,O006-016-04-0014,,random/point/Sufficient.html,50
o006.random.backend.relation.v1,O006-90-005543,contains,O006-016-04-0014,O006-016-07-0019,,random/point/Sufficient.html,51
o006.random.backend.relation.v1,O006-90-005544,internal-link-target,O006-016-07-0019,O006-016-02-0036,random/point/Sufficient.html#uni2,random/point/Sufficient.html,51
o006.random.backend.relation.v1,O006-90-005545,contains,O006-016-01-0005,O006-016-02-0005,,random/point/Sufficient.html,52
o006.random.backend.relation.v1,O006-90-005546,contains,O006-016-02-0005,O006-016-04-0015,,random/point/Sufficient.html,53
o006.random.backend.relation.v1,O006-90-005547,contains,O006-016-01-0005,O006-016-07-0020,,random/point/Sufficient.html,54
o006.random.backend.relation.v1,O006-90-005548,internal-link-target,O006-016-07-0020,O006-016-02-0005,random/point/Sufficient.html#min1,random/point/Sufficient.html,54
o006.random.backend.relation.v1,O006-90-005549,contains,O006-016-01-0005,O006-016-07-0021,,random/point/Sufficient.html,55
o006.random.backend.relation.v1,O006-90-005550,internal-link-target,O006-016-07-0021,O006-016-02-0006,random/point/Sufficient.html#min2,random/point/Sufficient.html,55
o006.random.backend.relation.v1,O006-90-005551,contains,O006-016-01-0005,O006-016-02-0006,,random/point/Sufficient.html,56
o006.random.backend.relation.v1,O006-90-005552,contains,O006-016-02-0006,O006-016-04-0016,,random/point/Sufficient.html,57
o006.random.backend.relation.v1,O006-90-005553,contains,O006-016-02-0006,O006-016-03-0003,,random/point/Sufficient.html,58
o006.random.backend.relation.v1,O006-90-005554,details-parent,O006-016-03-0003,O006-016-02-0006,,random/point/Sufficient.html,58
o006.random.backend.relation.v1,O006-90-005555,contains,O006-016-03-0003,O006-016-04-0017,,random/point/Sufficient.html,59
o006.random.backend.relation.v1,O006-90-005556,contains,O006-016-04-0017,O006-016-07-0022,,random/point/Sufficient.html,60
o006.random.backend.relation.v1,O006-90-005557,internal-link-target,O006-016-07-0022,O006-016-02-0003,random/point/Sufficient.html#fac,random/point/Sufficient.html,60
o006.random.backend.relation.v1,O006-90-005558,contains,O006-016-01-0005,O006-016-02-0007,,random/point/Sufficient.html,61
o006.random.backend.relation.v1,O006-90-005559,contains,O006-016-02-0007,O006-016-04-0018,,random/point/Sufficient.html,62
o006.random.backend.relation.v1,O006-90-005560,contains,O006-016-01-0002,O006-016-01-0006,,random/point/Sufficient.html,63
o006.random.backend.relation.v1,O006-90-005561,contains,O006-016-01-0006,O006-016-02-0008,,random/point/Sufficient.html,64
o006.random.backend.relation.v1,O006-90-005562,contains,O006-016-02-0008,O006-016-04-0019,,random/point/Sufficient.html,65
o006.random.backend.relation.v1,O006-90-005563,contains,O006-016-04-0019,O006-016-07-0023,,random/point/Sufficient.html,66
o006.random.backend.relation.v1,O006-90-005564,internal-link-target,O006-016-07-0023,O006-013-00-0001,random/point/Likelihood.html,random/point/Sufficient.html,66
o006.random.backend.relation.v1,O006-90-005565,contains,O006-016-02-0008,O006-016-03-0004,,random/point/Sufficient.html,67
o006.random.backend.relation.v1,O006-90-005566,details-parent,O006-016-03-0004,O006-016-02-0008,,random/point/Sufficient.html,67
o006.random.backend.relation.v1,O006-90-005567,contains,O006-016-03-0004,O006-016-04-0020,,random/point/Sufficient.html,68
o006.random.backend.relation.v1,O006-90-005568,contains,O006-016-04-0020,O006-016-07-0024,,random/point/Sufficient.html,69
o006.random.backend.relation.v1,O006-90-005569,internal-link-target,O006-016-07-0024,O006-016-02-0003,random/point/Sufficient.html#fac,random/point/Sufficient.html,69
o006.random.backend.relation.v1,O006-90-005570,contains,O006-016-01-0006,O006-016-04-0021,,random/point/Sufficient.html,70
o006.random.backend.relation.v1,O006-90-005571,contains,O006-016-04-0021,O006-016-07-0025,,random/point/Sufficient.html,71
o006.random.backend.relation.v1,O006-90-005572,internal-link-target,O006-016-07-0025,O006-016-02-0008,random/point/Sufficient.html#mle,random/point/Sufficient.html,71
o006.random.backend.relation.v1,O006-90-005573,contains,O006-016-04-0021,O006-016-07-0026,,random/point/Sufficient.html,72
o006.random.backend.relation.v1,O006-90-005574,internal-link-target,O006-016-07-0026,O006-014-00-0001,random/point/Bayes.html,random/point/Sufficient.html,72
o006.random.backend.relation.v1,O006-90-005575,contains,O006-016-01-0006,O006-016-02-0009,,random/point/Sufficient.html,73
o006.random.backend.relation.v1,O006-90-005576,contains,O006-016-02-0009,O006-016-04-0022,,random/point/Sufficient.html,74
o006.random.backend.relation.v1,O006-90-005577,contains,O006-016-02-0009,O006-016-03-0005,,random/point/Sufficient.html,75
o006.random.backend.relation.v1,O006-90-005578,details-parent,O006-016-03-0005,O006-016-02-0009,,random/point/Sufficient.html,75
o006.random.backend.relation.v1,O006-90-005579,contains,O006-016-03-0005,O006-016-04-0023,,random/point/Sufficient.html,76
o006.random.backend.relation.v1,O006-90-005580,contains,O006-016-04-0023,O006-016-07-0027,,random/point/Sufficient.html,77
o006.random.backend.relation.v1,O006-90-005581,internal-link-target,O006-016-07-0027,O006-016-02-0003,random/point/Sufficient.html#fac,random/point/Sufficient.html,77
o006.random.backend.relation.v1,O006-90-005582,contains,O006-016-01-0006,O006-016-04-0024,,random/point/Sufficient.html,78
o006.random.backend.relation.v1,O006-90-005583,contains,O006-016-04-0024,O006-016-07-0028,,random/point/Sufficient.html,79
o006.random.backend.relation.v1,O006-90-005584,internal-link-target,O006-016-07-0028,O006-016-02-0009,random/point/Sufficient.html#bay,random/point/Sufficient.html,79
o006.random.backend.relation.v1,O006-90-005585,contains,O006-016-01-0006,O006-016-07-0029,,random/point/Sufficient.html,80
o006.random.backend.relation.v1,O006-90-005586,internal-link-target,O006-016-07-0029,O006-016-02-0010,random/point/Sufficient.html#rbt,random/point/Sufficient.html,80
o006.random.backend.relation.v1,O006-90-005587,contains,O006-016-01-0006,O006-016-07-0030,,random/point/Sufficient.html,81
o006.random.backend.relation.v1,O006-90-005588,internal-link-reference,O006-016-07-0030,,random/biographies/Rao.html,random/point/Sufficient.html,81
o006.random.backend.relation.v1,O006-90-005589,contains,O006-016-01-0006,O006-016-07-0031,,random/point/Sufficient.html,82
o006.random.backend.relation.v1,O006-90-005590,internal-link-reference,O006-016-07-0031,,random/biographies/Blackwell.html,random/point/Sufficient.html,82
o006.random.backend.relation.v1,O006-90-005591,contains,O006-016-01-0006,O006-016-02-0010,,random/point/Sufficient.html,83
o006.random.backend.relation.v1,O006-90-005592,contains,O006-016-02-0010,O006-016-04-0025,,random/point/Sufficient.html,84
o006.random.backend.relation.v1,O006-90-005593,contains,O006-016-02-0010,O006-016-03-0006,,random/point/Sufficient.html,85
o006.random.backend.relation.v1,O006-90-005594,details-parent,O006-016-03-0006,O006-016-02-0010,,random/point/Sufficient.html,85
o006.random.backend.relation.v1,O006-90-005595,contains,O006-016-03-0006,O006-016-04-0026,,random/point/Sufficient.html,86
o006.random.backend.relation.v1,O006-90-005596,contains,O006-016-04-0026,O006-016-07-0032,,random/point/Sufficient.html,87
o006.random.backend.relation.v1,O006-90-005597,internal-link-reference,O006-016-07-0032,,random/expect/Conditional.html,random/point/Sufficient.html,87
o006.random.backend.relation.v1,O006-90-005598,contains,O006-016-01-0002,O006-016-01-0007,,random/point/Sufficient.html,88
o006.random.backend.relation.v1,O006-90-005599,contains,O006-016-01-0007,O006-016-02-0011,,random/point/Sufficient.html,89
o006.random.backend.relation.v1,O006-90-005600,contains,O006-016-02-0011,O006-016-04-0027,,random/point/Sufficient.html,90
o006.random.backend.relation.v1,O006-90-005601,contains,O006-016-01-0007,O006-016-04-0028,,random/point/Sufficient.html,91
o006.random.backend.relation.v1,O006-90-005602,contains,O006-016-01-0007,O006-016-02-0012,,random/point/Sufficient.html,92
o006.random.backend.relation.v1,O006-90-005603,contains,O006-016-02-0012,O006-016-04-0029,,random/point/Sufficient.html,93
o006.random.backend.relation.v1,O006-90-005604,contains,O006-016-01-0007,O006-016-07-0033,,random/point/Sufficient.html,94
o006.random.backend.relation.v1,O006-90-005605,internal-link-target,O006-016-07-0033,O006-016-02-0013,random/point/Sufficient.html#lst,random/point/Sufficient.html,94
o006.random.backend.relation.v1,O006-90-005606,contains,O006-016-01-0007,O006-016-07-0034,,random/point/Sufficient.html,95
o006.random.backend.relation.v1,O006-90-005607,internal-link-reference,O006-016-07-0034,,random/biographies/Lehmann.html,random/point/Sufficient.html,95
o006.random.backend.relation.v1,O006-90-005608,contains,O006-016-01-0007,O006-016-07-0035,,random/point/Sufficient.html,96
o006.random.backend.relation.v1,O006-90-005609,internal-link-reference,O006-016-07-0035,,random/biographies/Scheffe.html,random/point/Sufficient.html,96
o006.random.backend.relation.v1,O006-90-005610,contains,O006-016-01-0007,O006-016-02-0013,,random/point/Sufficient.html,97
o006.random.backend.relation.v1,O006-90-005611,contains,O006-016-02-0013,O006-016-04-0030,,random/point/Sufficient.html,98
o006.random.backend.relation.v1,O006-90-005612,contains,O006-016-04-0030,O006-016-07-0036,,random/point/Sufficient.html,99
o006.random.backend.relation.v1,O006-90-005613,internal-link-target,O006-016-07-0036,O006-015-00-0001,random/point/Unbiased.html,random/point/Sufficient.html,99
o006.random.backend.relation.v1,O006-90-005614,contains,O006-016-02-0013,O006-016-03-0007,,random/point/Sufficient.html,100
o006.random.backend.relation.v1,O006-90-005615,details-parent,O006-016-03-0007,O006-016-02-0013,,random/point/Sufficient.html,100
o006.random.backend.relation.v1,O006-90-005616,contains,O006-016-03-0007,O006-016-04-0031,,random/point/Sufficient.html,101
o006.random.backend.relation.v1,O006-90-005617,contains,O006-016-04-0031,O006-016-07-0037,,random/point/Sufficient.html,102
o006.random.backend.relation.v1,O006-90-005618,internal-link-target,O006-016-07-0037,O006-016-02-0010,random/point/Sufficient.html#rbt,random/point/Sufficient.html,102
o006.random.backend.relation.v1,O006-90-005619,contains,O006-016-01-0002,O006-016-01-0008,,random/point/Sufficient.html,103
o006.random.backend.relation.v1,O006-90-005620,contains,O006-016-01-0008,O006-016-02-0014,,random/point/Sufficient.html,104
o006.random.backend.relation.v1,O006-90-005621,contains,O006-016-02-0014,O006-016-04-0032,,random/point/Sufficient.html,105
o006.random.backend.relation.v1,O006-90-005622,contains,O006-016-01-0008,O006-016-07-0038,,random/point/Sufficient.html,106
o006.random.backend.relation.v1,O006-90-005623,internal-link-target,O006-016-07-0038,O006-016-02-0015,random/point/Sufficient.html#bas,random/point/Sufficient.html,106
o006.random.backend.relation.v1,O006-90-005624,contains,O006-016-01-0008,O006-016-02-0015,,random/point/Sufficient.html,107
o006.random.backend.relation.v1,O006-90-005625,contains,O006-016-02-0015,O006-016-04-0033,,random/point/Sufficient.html,108
o006.random.backend.relation.v1,O006-90-005626,contains,O006-016-02-0015,O006-016-03-0008,,random/point/Sufficient.html,109
o006.random.backend.relation.v1,O006-90-005627,details-parent,O006-016-03-0008,O006-016-02-0015,,random/point/Sufficient.html,109
o006.random.backend.relation.v1,O006-90-005628,contains,O006-016-03-0008,O006-016-04-0034,,random/point/Sufficient.html,110
o006.random.backend.relation.v1,O006-90-005629,contains,O006-016-01-0008,O006-016-02-0016,,random/point/Sufficient.html,111
o006.random.backend.relation.v1,O006-90-005630,contains,O006-016-02-0016,O006-016-04-0035,,random/point/Sufficient.html,112
o006.random.backend.relation.v1,O006-90-005631,contains,O006-016-01-0001,O006-016-01-0009,,random/point/Sufficient.html,113
o006.random.backend.relation.v1,O006-90-005632,contains,O006-016-01-0009,O006-016-01-0010,,random/point/Sufficient.html,114
o006.random.backend.relation.v1,O006-90-005633,contains,O006-016-01-0010,O006-016-04-0036,,random/point/Sufficient.html,115
o006.random.backend.relation.v1,O006-90-005634,contains,O006-016-04-0036,O006-016-07-0039,,random/point/Sufficient.html,116
o006.random.backend.relation.v1,O006-90-005635,internal-link-reference,O006-016-07-0039,,random/bernoulli/Introduction.html,random/point/Sufficient.html,116
o006.random.backend.relation.v1,O006-90-005636,contains,O006-016-04-0036,O006-016-07-0040,,random/point/Sufficient.html,117
o006.random.backend.relation.v1,O006-90-005637,internal-link-reference,O006-016-07-0040,,random/bernoulli/index.html,random/point/Sufficient.html,117
o006.random.backend.relation.v1,O006-90-005638,contains,O006-016-04-0036,O006-016-07-0041,,random/point/Sufficient.html,118
o006.random.backend.relation.v1,O006-90-005639,internal-link-reference,O006-016-07-0041,,random/biographies/Bernoulli.html,random/point/Sufficient.html,118
o006.random.backend.relation.v1,O006-90-005640,contains,O006-016-04-0036,O006-016-07-0042,,random/point/Sufficient.html,119
o006.random.backend.relation.v1,O006-90-005641,internal-link-reference,O006-016-07-0042,,random/bernoulli/Binomial.html,random/point/Sufficient.html,119
o006.random.backend.relation.v1,O006-90-005642,contains,O006-016-01-0010,O006-016-02-0017,,random/point/Sufficient.html,120
o006.random.backend.relation.v1,O006-90-005643,contains,O006-016-02-0017,O006-016-04-0037,,random/point/Sufficient.html,121
o006.random.backend.relation.v1,O006-90-005644,contains,O006-016-02-0017,O006-016-03-0009,,random/point/Sufficient.html,122
o006.random.backend.relation.v1,O006-90-005645,details-parent,O006-016-03-0009,O006-016-02-0017,,random/point/Sufficient.html,122
o006.random.backend.relation.v1,O006-90-005646,contains,O006-016-03-0009,O006-016-04-0038,,random/point/Sufficient.html,123
o006.random.backend.relation.v1,O006-90-005647,contains,O006-016-01-0010,O006-016-04-0039,,random/point/Sufficient.html,124
o006.random.backend.relation.v1,O006-90-005648,contains,O006-016-04-0039,O006-016-07-0043,,random/point/Sufficient.html,125
o006.random.backend.relation.v1,O006-90-005649,internal-link-target,O006-016-07-0043,O006-016-02-0003,random/point/Sufficient.html#fac,random/point/Sufficient.html,125
o006.random.backend.relation.v1,O006-90-005650,contains,O006-016-01-0010,O006-016-02-0018,,random/point/Sufficient.html,126
o006.random.backend.relation.v1,O006-90-005651,contains,O006-016-02-0018,O006-016-04-0040,,random/point/Sufficient.html,127
o006.random.backend.relation.v1,O006-90-005652,contains,O006-016-02-0018,O006-016-03-0010,,random/point/Sufficient.html,128
o006.random.backend.relation.v1,O006-90-005653,details-parent,O006-016-03-0010,O006-016-02-0018,,random/point/Sufficient.html,128
o006.random.backend.relation.v1,O006-90-005654,contains,O006-016-03-0010,O006-016-04-0041,,random/point/Sufficient.html,129
o006.random.backend.relation.v1,O006-90-005655,contains,O006-016-01-0010,O006-016-04-0042,,random/point/Sufficient.html,130
o006.random.backend.relation.v1,O006-90-005656,contains,O006-016-04-0042,O006-016-07-0044,,random/point/Sufficient.html,131
o006.random.backend.relation.v1,O006-90-005657,internal-link-target,O006-016-07-0044,O006-016-02-0018,random/point/Sufficient.html#ber2,random/point/Sufficient.html,131
o006.random.backend.relation.v1,O006-90-005658,contains,O006-016-01-0010,O006-016-02-0019,,random/point/Sufficient.html,132
o006.random.backend.relation.v1,O006-90-005659,contains,O006-016-02-0019,O006-016-04-0043,,random/point/Sufficient.html,133
o006.random.backend.relation.v1,O006-90-005660,contains,O006-016-02-0019,O006-016-03-0011,,random/point/Sufficient.html,134
o006.random.backend.relation.v1,O006-90-005661,details-parent,O006-016-03-0011,O006-016-02-0019,,random/point/Sufficient.html,134
o006.random.backend.relation.v1,O006-90-005662,contains,O006-016-03-0011,O006-016-04-0044,,random/point/Sufficient.html,135
o006.random.backend.relation.v1,O006-90-005663,contains,O006-016-01-0010,O006-016-04-0045,,random/point/Sufficient.html,136
o006.random.backend.relation.v1,O006-90-005664,contains,O006-016-04-0045,O006-016-07-0045,,random/point/Sufficient.html,137
o006.random.backend.relation.v1,O006-90-005665,internal-link-target,O006-016-07-0045,O006-012-01-0008,random/point/Moments.html#ber,random/point/Sufficient.html,137
o006.random.backend.relation.v1,O006-90-005666,contains,O006-016-04-0045,O006-016-07-0046,,random/point/Sufficient.html,138
o006.random.backend.relation.v1,O006-90-005667,internal-link-target,O006-016-07-0046,O006-013-01-0008,random/point/Likelihood.html#ber,random/point/Sufficient.html,138
o006.random.backend.relation.v1,O006-90-005668,contains,O006-016-01-0010,O006-016-04-0046,,random/point/Sufficient.html,139
o006.random.backend.relation.v1,O006-90-005669,contains,O006-016-04-0046,O006-016-07-0047,,random/point/Sufficient.html,140
o006.random.backend.relation.v1,O006-90-005670,internal-link-target,O006-016-07-0047,O006-014-01-0008,random/point/Bayes.html#ber,random/point/Sufficient.html,140
o006.random.backend.relation.v1,O006-90-005671,contains,O006-016-04-0046,O006-016-07-0048,,random/point/Sufficient.html,141
o006.random.backend.relation.v1,O006-90-005672,internal-link-reference,O006-016-07-0048,,random/special/Beta.html,random/point/Sufficient.html,141
o006.random.backend.relation.v1,O006-90-005673,contains,O006-016-04-0046,O006-016-07-0049,,random/point/Sufficient.html,142
o006.random.backend.relation.v1,O006-90-005674,internal-link-target,O006-016-07-0049,O006-016-02-0009,random/point/Sufficient.html#bay,random/point/Sufficient.html,142
o006.random.backend.relation.v1,O006-90-005675,contains,O006-016-01-0010,O006-016-02-0020,,random/point/Sufficient.html,143
o006.random.backend.relation.v1,O006-90-005676,contains,O006-016-02-0020,O006-016-04-0047,,random/point/Sufficient.html,144
o006.random.backend.relation.v1,O006-90-005677,contains,O006-016-02-0020,O006-016-03-0012,,random/point/Sufficient.html,145
o006.random.backend.relation.v1,O006-90-005678,details-parent,O006-016-03-0012,O006-016-02-0020,,random/point/Sufficient.html,145
o006.random.backend.relation.v1,O006-90-005679,contains,O006-016-03-0012,O006-016-04-0048,,random/point/Sufficient.html,146
o006.random.backend.relation.v1,O006-90-005680,contains,O006-016-04-0048,O006-016-07-0050,,random/point/Sufficient.html,147
o006.random.backend.relation.v1,O006-90-005681,internal-link-target,O006-016-07-0050,O006-016-02-0013,random/point/Sufficient.html#lst,random/point/Sufficient.html,147
o006.random.backend.relation.v1,O006-90-005682,contains,O006-016-01-0009,O006-016-01-0011,,random/point/Sufficient.html,148
o006.random.backend.relation.v1,O006-90-005683,contains,O006-016-01-0011,O006-016-04-0049,,random/point/Sufficient.html,149
o006.random.backend.relation.v1,O006-90-005684,contains,O006-016-04-0049,O006-016-07-0051,,random/point/Sufficient.html,150
o006.random.backend.relation.v1,O006-90-005685,internal-link-reference,O006-016-07-0051,,random/poisson/Poisson.html,random/point/Sufficient.html,150
o006.random.backend.relation.v1,O006-90-005686,contains,O006-016-04-0049,O006-016-07-0052,,random/point/Sufficient.html,151
o006.random.backend.relation.v1,O006-90-005687,internal-link-reference,O006-016-07-0052,,random/biographies/Poisson.html,random/point/Sufficient.html,151
o006.random.backend.relation.v1,O006-90-005688,contains,O006-016-04-0049,O006-016-07-0053,,random/point/Sufficient.html,152
o006.random.backend.relation.v1,O006-90-005689,internal-link-reference,O006-016-07-0053,,random/poisson/index.html,random/point/Sufficient.html,152
o006.random.backend.relation.v1,O006-90-005690,contains,O006-016-01-0011,O006-016-04-0050,,random/point/Sufficient.html,153
o006.random.backend.relation.v1,O006-90-005691,contains,O006-016-01-0011,O006-016-02-0021,,random/point/Sufficient.html,154
o006.random.backend.relation.v1,O006-90-005692,contains,O006-016-02-0021,O006-016-04-0051,,random/point/Sufficient.html,155
o006.random.backend.relation.v1,O006-90-005693,contains,O006-016-04-0051,O006-016-07-0054,,random/point/Sufficient.html,156
o006.random.backend.relation.v1,O006-90-005694,internal-link-reference,O006-016-07-0054,,random/bernoulli/Multinomial.html,random/point/Sufficient.html,156
o006.random.backend.relation.v1,O006-90-005695,contains,O006-016-02-0021,O006-016-03-0013,,random/point/Sufficient.html,157
o006.random.backend.relation.v1,O006-90-005696,details-parent,O006-016-03-0013,O006-016-02-0021,,random/point/Sufficient.html,157
o006.random.backend.relation.v1,O006-90-005697,contains,O006-016-03-0013,O006-016-04-0052,,random/point/Sufficient.html,158
o006.random.backend.relation.v1,O006-90-005698,contains,O006-016-01-0011,O006-016-04-0053,,random/point/Sufficient.html,159
o006.random.backend.relation.v1,O006-90-005699,contains,O006-016-04-0053,O006-016-07-0055,,random/point/Sufficient.html,160
o006.random.backend.relation.v1,O006-90-005700,internal-link-target,O006-016-07-0055,O006-016-02-0003,random/point/Sufficient.html#fac,random/point/Sufficient.html,160
o006.random.backend.relation.v1,O006-90-005701,contains,O006-016-01-0011,O006-016-02-0022,,random/point/Sufficient.html,161
o006.random.backend.relation.v1,O006-90-005702,contains,O006-016-02-0022,O006-016-04-0054,,random/point/Sufficient.html,162
o006.random.backend.relation.v1,O006-90-005703,contains,O006-016-02-0022,O006-016-03-0014,,random/point/Sufficient.html,163
o006.random.backend.relation.v1,O006-90-005704,details-parent,O006-016-03-0014,O006-016-02-0022,,random/point/Sufficient.html,163
o006.random.backend.relation.v1,O006-90-005705,contains,O006-016-03-0014,O006-016-04-0055,,random/point/Sufficient.html,164
o006.random.backend.relation.v1,O006-90-005706,contains,O006-016-01-0011,O006-016-04-0056,,random/point/Sufficient.html,165
o006.random.backend.relation.v1,O006-90-005707,contains,O006-016-04-0056,O006-016-07-0056,,random/point/Sufficient.html,166
o006.random.backend.relation.v1,O006-90-005708,internal-link-reference,O006-016-07-0056,,random/point/Moments.html#poi,random/point/Sufficient.html,166
o006.random.backend.relation.v1,O006-90-005709,contains,O006-016-04-0056,O006-016-07-0057,,random/point/Sufficient.html,167
o006.random.backend.relation.v1,O006-90-005710,internal-link-target,O006-016-07-0057,O006-013-01-0011,random/point/Likelihood.html#poi,random/point/Sufficient.html,167
o006.random.backend.relation.v1,O006-90-005711,contains,O006-016-01-0011,O006-016-02-0023,,random/point/Sufficient.html,168
o006.random.backend.relation.v1,O006-90-005712,contains,O006-016-02-0023,O006-016-04-0057,,random/point/Sufficient.html,169
o006.random.backend.relation.v1,O006-90-005713,contains,O006-016-02-0023,O006-016-03-0015,,random/point/Sufficient.html,170
o006.random.backend.relation.v1,O006-90-005714,details-parent,O006-016-03-0015,O006-016-02-0023,,random/point/Sufficient.html,170
o006.random.backend.relation.v1,O006-90-005715,contains,O006-016-03-0015,O006-016-04-0058,,random/point/Sufficient.html,171
o006.random.backend.relation.v1,O006-90-005716,contains,O006-016-04-0058,O006-016-07-0058,,random/point/Sufficient.html,172
o006.random.backend.relation.v1,O006-90-005717,internal-link-reference,O006-016-07-0058,,random/expect/Generating.html#pgf,random/point/Sufficient.html,172
o006.random.backend.relation.v1,O006-90-005718,contains,O006-016-04-0058,O006-016-07-0059,,random/point/Sufficient.html,173
o006.random.backend.relation.v1,O006-90-005719,internal-link-target,O006-016-07-0059,O006-016-02-0013,random/point/Sufficient.html#lst,random/point/Sufficient.html,173
o006.random.backend.relation.v1,O006-90-005720,contains,O006-016-01-0009,O006-016-01-0012,,random/point/Sufficient.html,174
o006.random.backend.relation.v1,O006-90-005721,contains,O006-016-01-0012,O006-016-04-0059,,random/point/Sufficient.html,175
o006.random.backend.relation.v1,O006-90-005722,contains,O006-016-04-0059,O006-016-07-0060,,random/point/Sufficient.html,176
o006.random.backend.relation.v1,O006-90-005723,internal-link-reference,O006-016-07-0060,,random/special/Normal.html,random/point/Sufficient.html,176
o006.random.backend.relation.v1,O006-90-005724,contains,O006-016-04-0059,O006-016-07-0061,,random/point/Sufficient.html,177
o006.random.backend.relation.v1,O006-90-005725,internal-link-target,O006-016-07-0061,O006-005-00-0001,random/sample/CLT.html,random/point/Sufficient.html,177
o006.random.backend.relation.v1,O006-90-005726,contains,O006-016-01-0012,O006-016-02-0024,,random/point/Sufficient.html,178
o006.random.backend.relation.v1,O006-90-005727,contains,O006-016-02-0024,O006-016-04-0060,,random/point/Sufficient.html,179
o006.random.backend.relation.v1,O006-90-005728,contains,O006-016-02-0024,O006-016-04-0061,,random/point/Sufficient.html,180
o006.random.backend.relation.v1,O006-90-005729,contains,O006-016-02-0024,O006-016-04-0062,,random/point/Sufficient.html,181
o006.random.backend.relation.v1,O006-90-005730,contains,O006-016-02-0024,O006-016-04-0063,,random/point/Sufficient.html,182
o006.random.backend.relation.v1,O006-90-005731,contains,O006-016-02-0024,O006-016-03-0016,,random/point/Sufficient.html,183
o006.random.backend.relation.v1,O006-90-005732,details-parent,O006-016-03-0016,O006-016-02-0024,,random/point/Sufficient.html,183
o006.random.backend.relation.v1,O006-90-005733,contains,O006-016-03-0016,O006-016-04-0064,,random/point/Sufficient.html,184
o006.random.backend.relation.v1,O006-90-005734,contains,O006-016-04-0064,O006-016-07-0062,,random/point/Sufficient.html,185
o006.random.backend.relation.v1,O006-90-005735,internal-link-target,O006-016-07-0062,O006-016-02-0003,random/point/Sufficient.html#fac,random/point/Sufficient.html,185
o006.random.backend.relation.v1,O006-90-005736,contains,O006-016-04-0064,O006-016-07-0063,,random/point/Sufficient.html,186
o006.random.backend.relation.v1,O006-90-005737,internal-link-target,O006-016-07-0063,O006-016-02-0006,random/point/Sufficient.html#min2,random/point/Sufficient.html,186
o006.random.backend.relation.v1,O006-90-005738,contains,O006-016-03-0016,O006-016-04-0065,,random/point/Sufficient.html,187
o006.random.backend.relation.v1,O006-90-005739,contains,O006-016-03-0016,O006-016-04-0066,,random/point/Sufficient.html,188
o006.random.backend.relation.v1,O006-90-005740,contains,O006-016-01-0012,O006-016-04-0067,,random/point/Sufficient.html,189
o006.random.backend.relation.v1,O006-90-005741,contains,O006-016-01-0012,O006-016-02-0025,,random/point/Sufficient.html,190
o006.random.backend.relation.v1,O006-90-005742,contains,O006-016-02-0025,O006-016-07-0064,,random/point/Sufficient.html,191
o006.random.backend.relation.v1,O006-90-005743,internal-link-reference,O006-016-07-0064,,random/apps/NormalEstimate.html,random/point/Sufficient.html,191
o006.random.backend.relation.v1,O006-90-005744,contains,O006-016-01-0012,O006-016-04-0068,,random/point/Sufficient.html,192
o006.random.backend.relation.v1,O006-90-005745,contains,O006-016-01-0012,O006-016-02-0026,,random/point/Sufficient.html,193
o006.random.backend.relation.v1,O006-90-005746,contains,O006-016-02-0026,O006-016-04-0069,,random/point/Sufficient.html,194
o006.random.backend.relation.v1,O006-90-005747,contains,O006-016-02-0026,O006-016-04-0070,,random/point/Sufficient.html,195
o006.random.backend.relation.v1,O006-90-005748,contains,O006-016-02-0026,O006-016-04-0071,,random/point/Sufficient.html,196
o006.random.backend.relation.v1,O006-90-005749,contains,O006-016-02-0026,O006-016-03-0017,,random/point/Sufficient.html,197
o006.random.backend.relation.v1,O006-90-005750,details-parent,O006-016-03-0017,O006-016-02-0026,,random/point/Sufficient.html,197
o006.random.backend.relation.v1,O006-90-005751,contains,O006-016-03-0017,O006-016-04-0072,,random/point/Sufficient.html,198
o006.random.backend.relation.v1,O006-90-005752,contains,O006-016-04-0072,O006-016-07-0065,,random/point/Sufficient.html,199
o006.random.backend.relation.v1,O006-90-005753,internal-link-target,O006-016-07-0065,O006-016-02-0024,random/point/Sufficient.html#nor1,random/point/Sufficient.html,199
o006.random.backend.relation.v1,O006-90-005754,contains,O006-016-03-0017,O006-016-04-0073,,random/point/Sufficient.html,200
o006.random.backend.relation.v1,O006-90-005755,contains,O006-016-04-0073,O006-016-07-0066,,random/point/Sufficient.html,201
o006.random.backend.relation.v1,O006-90-005756,internal-link-target,O006-016-07-0066,O006-016-02-0024,random/point/Sufficient.html#nor1,random/point/Sufficient.html,201
o006.random.backend.relation.v1,O006-90-005757,contains,O006-016-01-0012,O006-016-04-0074,,random/point/Sufficient.html,202
o006.random.backend.relation.v1,O006-90-005758,contains,O006-016-04-0074,O006-016-07-0067,,random/point/Sufficient.html,203
o006.random.backend.relation.v1,O006-90-005759,internal-link-reference,O006-016-07-0067,,random/special/ChiSquare.html,random/point/Sufficient.html,203
o006.random.backend.relation.v1,O006-90-005760,contains,O006-016-04-0074,O006-016-07-0068,,random/point/Sufficient.html,204
o006.random.backend.relation.v1,O006-90-005761,internal-link-target,O006-016-07-0068,O006-016-02-0015,random/point/Sufficient.html#bas,random/point/Sufficient.html,204
o006.random.backend.relation.v1,O006-90-005762,contains,O006-016-04-0074,O006-016-07-0069,,random/point/Sufficient.html,205
o006.random.backend.relation.v1,O006-90-005763,internal-link-target,O006-016-07-0069,O006-009-00-0001,random/sample/Normal.html,random/point/Sufficient.html,205
o006.random.backend.relation.v1,O006-90-005764,contains,O006-016-01-0009,O006-016-01-0013,,random/point/Sufficient.html,206
o006.random.backend.relation.v1,O006-90-005765,contains,O006-016-01-0013,O006-016-04-0075,,random/point/Sufficient.html,207
o006.random.backend.relation.v1,O006-90-005766,contains,O006-016-04-0075,O006-016-07-0070,,random/point/Sufficient.html,208
o006.random.backend.relation.v1,O006-90-005767,internal-link-reference,O006-016-07-0070,,random/special/Gamma.html,random/point/Sufficient.html,208
o006.random.backend.relation.v1,O006-90-005768,contains,O006-016-04-0075,O006-016-07-0071,,random/point/Sufficient.html,209
o006.random.backend.relation.v1,O006-90-005769,internal-link-reference,O006-016-07-0071,,random/poisson/index.html,random/point/Sufficient.html,209
o006.random.backend.relation.v1,O006-90-005770,contains,O006-016-01-0013,O006-016-02-0027,,random/point/Sufficient.html,210
o006.random.backend.relation.v1,O006-90-005771,contains,O006-016-02-0027,O006-016-04-0076,,random/point/Sufficient.html,211
o006.random.backend.relation.v1,O006-90-005772,contains,O006-016-02-0027,O006-016-04-0077,,random/point/Sufficient.html,212
o006.random.backend.relation.v1,O006-90-005773,contains,O006-016-02-0027,O006-016-04-0078,,random/point/Sufficient.html,213
o006.random.backend.relation.v1,O006-90-005774,contains,O006-016-02-0027,O006-016-03-0018,,random/point/Sufficient.html,214
o006.random.backend.relation.v1,O006-90-005775,details-parent,O006-016-03-0018,O006-016-02-0027,,random/point/Sufficient.html,214
o006.random.backend.relation.v1,O006-90-005776,contains,O006-016-03-0018,O006-016-04-0079,,random/point/Sufficient.html,215
o006.random.backend.relation.v1,O006-90-005777,contains,O006-016-04-0079,O006-016-07-0072,,random/point/Sufficient.html,216
o006.random.backend.relation.v1,O006-90-005778,internal-link-target,O006-016-07-0072,O006-016-02-0003,random/point/Sufficient.html#fac,random/point/Sufficient.html,216
o006.random.backend.relation.v1,O006-90-005779,contains,O006-016-04-0079,O006-016-07-0073,,random/point/Sufficient.html,217
o006.random.backend.relation.v1,O006-90-005780,internal-link-target,O006-016-07-0073,O006-016-02-0006,random/point/Sufficient.html#min2,random/point/Sufficient.html,217
o006.random.backend.relation.v1,O006-90-005781,contains,O006-016-03-0018,O006-016-04-0080,,random/point/Sufficient.html,218
o006.random.backend.relation.v1,O006-90-005782,contains,O006-016-01-0013,O006-016-04-0081,,random/point/Sufficient.html,219
o006.random.backend.relation.v1,O006-90-005783,contains,O006-016-01-0013,O006-016-02-0028,,random/point/Sufficient.html,220
o006.random.backend.relation.v1,O006-90-005784,contains,O006-016-02-0028,O006-016-04-0082,,random/point/Sufficient.html,221
o006.random.backend.relation.v1,O006-90-005785,contains,O006-016-04-0082,O006-016-07-0074,,random/point/Sufficient.html,222
o006.random.backend.relation.v1,O006-90-005786,internal-link-reference,O006-016-07-0074,,random/apps/GammaEstimate.html,random/point/Sufficient.html,222
o006.random.backend.relation.v1,O006-90-005787,contains,O006-016-01-0013,O006-016-04-0083,,random/point/Sufficient.html,223
o006.random.backend.relation.v1,O006-90-005788,contains,O006-016-04-0083,O006-016-07-0075,,random/point/Sufficient.html,224
o006.random.backend.relation.v1,O006-90-005789,internal-link-target,O006-016-07-0075,O006-016-02-0027,random/point/Sufficient.html#gam1,random/point/Sufficient.html,224
o006.random.backend.relation.v1,O006-90-005790,contains,O006-016-01-0013,O006-016-02-0029,,random/point/Sufficient.html,225
o006.random.backend.relation.v1,O006-90-005791,contains,O006-016-02-0029,O006-016-04-0084,,random/point/Sufficient.html,226
o006.random.backend.relation.v1,O006-90-005792,contains,O006-016-02-0029,O006-016-03-0019,,random/point/Sufficient.html,227
o006.random.backend.relation.v1,O006-90-005793,details-parent,O006-016-03-0019,O006-016-02-0029,,random/point/Sufficient.html,227
o006.random.backend.relation.v1,O006-90-005794,contains,O006-016-03-0019,O006-016-04-0085,,random/point/Sufficient.html,228
o006.random.backend.relation.v1,O006-90-005795,contains,O006-016-01-0013,O006-016-02-0030,,random/point/Sufficient.html,229
o006.random.backend.relation.v1,O006-90-005796,contains,O006-016-02-0030,O006-016-04-0086,,random/point/Sufficient.html,230
o006.random.backend.relation.v1,O006-90-005797,contains,O006-016-02-0030,O006-016-04-0087,,random/point/Sufficient.html,231
o006.random.backend.relation.v1,O006-90-005798,contains,O006-016-02-0030,O006-016-04-0088,,random/point/Sufficient.html,232
o006.random.backend.relation.v1,O006-90-005799,contains,O006-016-02-0030,O006-016-03-0020,,random/point/Sufficient.html,233
o006.random.backend.relation.v1,O006-90-005800,details-parent,O006-016-03-0020,O006-016-02-0030,,random/point/Sufficient.html,233
o006.random.backend.relation.v1,O006-90-005801,contains,O006-016-03-0020,O006-016-04-0089,,random/point/Sufficient.html,234
o006.random.backend.relation.v1,O006-90-005802,contains,O006-016-03-0020,O006-016-04-0090,,random/point/Sufficient.html,235
o006.random.backend.relation.v1,O006-90-005803,contains,O006-016-04-0090,O006-016-07-0076,,random/point/Sufficient.html,236
o006.random.backend.relation.v1,O006-90-005804,internal-link-target,O006-016-07-0076,O006-016-02-0015,random/point/Sufficient.html#bas,random/point/Sufficient.html,236
o006.random.backend.relation.v1,O006-90-005805,contains,O006-016-01-0009,O006-016-01-0014,,random/point/Sufficient.html,237
o006.random.backend.relation.v1,O006-90-005806,contains,O006-016-01-0014,O006-016-04-0091,,random/point/Sufficient.html,238
o006.random.backend.relation.v1,O006-90-005807,contains,O006-016-04-0091,O006-016-07-0077,,random/point/Sufficient.html,239
o006.random.backend.relation.v1,O006-90-005808,internal-link-reference,O006-016-07-0077,,random/special/Beta.html,random/point/Sufficient.html,239
o006.random.backend.relation.v1,O006-90-005809,contains,O006-016-01-0014,O006-016-02-0031,,random/point/Sufficient.html,240
o006.random.backend.relation.v1,O006-90-005810,contains,O006-016-02-0031,O006-016-04-0092,,random/point/Sufficient.html,241
o006.random.backend.relation.v1,O006-90-005811,contains,O006-016-02-0031,O006-016-03-0021,,random/point/Sufficient.html,242
o006.random.backend.relation.v1,O006-90-005812,details-parent,O006-016-03-0021,O006-016-02-0031,,random/point/Sufficient.html,242
o006.random.backend.relation.v1,O006-90-005813,contains,O006-016-03-0021,O006-016-04-0093,,random/point/Sufficient.html,243
o006.random.backend.relation.v1,O006-90-005814,contains,O006-016-04-0093,O006-016-07-0078,,random/point/Sufficient.html,244
o006.random.backend.relation.v1,O006-90-005815,internal-link-target,O006-016-07-0078,O006-016-02-0003,random/point/Sufficient.html#fac,random/point/Sufficient.html,244
o006.random.backend.relation.v1,O006-90-005816,contains,O006-016-04-0093,O006-016-07-0079,,random/point/Sufficient.html,245
o006.random.backend.relation.v1,O006-90-005817,internal-link-target,O006-016-07-0079,O006-016-02-0006,random/point/Sufficient.html#min2,random/point/Sufficient.html,245
o006.random.backend.relation.v1,O006-90-005818,contains,O006-016-01-0014,O006-016-04-0094,,random/point/Sufficient.html,246
o006.random.backend.relation.v1,O006-90-005819,contains,O006-016-04-0094,O006-016-07-0080,,random/point/Sufficient.html,247
o006.random.backend.relation.v1,O006-90-005820,internal-link-target,O006-016-07-0080,O006-016-02-0031,random/point/Sufficient.html#bet1,random/point/Sufficient.html,247
o006.random.backend.relation.v1,O006-90-005821,contains,O006-016-04-0094,O006-016-07-0081,,random/point/Sufficient.html,248
o006.random.backend.relation.v1,O006-90-005822,internal-link-target,O006-016-07-0081,O006-012-01-0013,random/point/Moments.html#bet,random/point/Sufficient.html,248
o006.random.backend.relation.v1,O006-90-005823,contains,O006-016-04-0094,O006-016-07-0082,,random/point/Sufficient.html,249
o006.random.backend.relation.v1,O006-90-005824,internal-link-target,O006-016-07-0082,O006-013-01-0014,random/point/Likelihood.html#bet,random/point/Sufficient.html,249
o006.random.backend.relation.v1,O006-90-005825,contains,O006-016-01-0014,O006-016-02-0032,,random/point/Sufficient.html,250
o006.random.backend.relation.v1,O006-90-005826,contains,O006-016-02-0032,O006-016-07-0083,,random/point/Sufficient.html,251
o006.random.backend.relation.v1,O006-90-005827,internal-link-reference,O006-016-07-0083,,random/apps/BetaEstimate.html,random/point/Sufficient.html,251
o006.random.backend.relation.v1,O006-90-005828,contains,O006-016-01-0009,O006-016-01-0015,,random/point/Sufficient.html,252
o006.random.backend.relation.v1,O006-90-005829,contains,O006-016-01-0015,O006-016-04-0095,,random/point/Sufficient.html,253
o006.random.backend.relation.v1,O006-90-005830,contains,O006-016-04-0095,O006-016-07-0084,,random/point/Sufficient.html,254
o006.random.backend.relation.v1,O006-90-005831,internal-link-reference,O006-016-07-0084,,random/special/Pareto.html,random/point/Sufficient.html,254
o006.random.backend.relation.v1,O006-90-005832,contains,O006-016-04-0095,O006-016-07-0085,,random/point/Sufficient.html,255
o006.random.backend.relation.v1,O006-90-005833,internal-link-reference,O006-016-07-0085,,random/biographies/Pareto.html,random/point/Sufficient.html,255
o006.random.backend.relation.v1,O006-90-005834,contains,O006-016-01-0015,O006-016-02-0033,,random/point/Sufficient.html,256
o006.random.backend.relation.v1,O006-90-005835,contains,O006-016-02-0033,O006-016-04-0096,,random/point/Sufficient.html,257
o006.random.backend.relation.v1,O006-90-005836,contains,O006-016-04-0096,O006-016-07-0086,,random/point/Sufficient.html,258
o006.random.backend.relation.v1,O006-90-005837,internal-link-target,O006-016-07-0086,O006-007-00-0001,random/sample/OrderStatistics.html,random/point/Sufficient.html,258
o006.random.backend.relation.v1,O006-90-005838,contains,O006-016-02-0033,O006-016-03-0022,,random/point/Sufficient.html,259
o006.random.backend.relation.v1,O006-90-005839,details-parent,O006-016-03-0022,O006-016-02-0033,,random/point/Sufficient.html,259
o006.random.backend.relation.v1,O006-90-005840,contains,O006-016-03-0022,O006-016-04-0097,,random/point/Sufficient.html,260
o006.random.backend.relation.v1,O006-90-005841,contains,O006-016-04-0097,O006-016-07-0087,,random/point/Sufficient.html,261
o006.random.backend.relation.v1,O006-90-005842,internal-link-target,O006-016-07-0087,O006-016-02-0003,random/point/Sufficient.html#fac,random/point/Sufficient.html,261
o006.random.backend.relation.v1,O006-90-005843,contains,O006-016-04-0097,O006-016-07-0088,,random/point/Sufficient.html,262
o006.random.backend.relation.v1,O006-90-005844,internal-link-target,O006-016-07-0088,O006-016-02-0006,random/point/Sufficient.html#min2,random/point/Sufficient.html,262
o006.random.backend.relation.v1,O006-90-005845,contains,O006-016-01-0015,O006-016-04-0098,,random/point/Sufficient.html,263
o006.random.backend.relation.v1,O006-90-005846,contains,O006-016-04-0098,O006-016-07-0089,,random/point/Sufficient.html,264
o006.random.backend.relation.v1,O006-90-005847,internal-link-target,O006-016-07-0089,O006-016-02-0033,random/point/Sufficient.html#par1,random/point/Sufficient.html,264
o006.random.backend.relation.v1,O006-90-005848,contains,O006-016-01-0015,O006-016-02-0034,,random/point/Sufficient.html,265
o006.random.backend.relation.v1,O006-90-005849,contains,O006-016-02-0034,O006-016-04-0099,,random/point/Sufficient.html,266
o006.random.backend.relation.v1,O006-90-005850,contains,O006-016-04-0099,O006-016-07-0090,,random/point/Sufficient.html,267
o006.random.backend.relation.v1,O006-90-005851,internal-link-reference,O006-016-07-0090,,random/apps/ParetoEstimate.html,random/point/Sufficient.html,267
o006.random.backend.relation.v1,O006-90-005852,contains,O006-016-01-0009,O006-016-01-0016,,random/point/Sufficient.html,268
o006.random.backend.relation.v1,O006-90-005853,contains,O006-016-01-0016,O006-016-04-0100,,random/point/Sufficient.html,269
o006.random.backend.relation.v1,O006-90-005854,contains,O006-016-04-0100,O006-016-07-0091,,random/point/Sufficient.html,270
o006.random.backend.relation.v1,O006-90-005855,internal-link-reference,O006-016-07-0091,,random/special/UniformContinuous.html,random/point/Sufficient.html,270
o006.random.backend.relation.v1,O006-90-005856,contains,O006-016-01-0016,O006-016-02-0035,,random/point/Sufficient.html,271
o006.random.backend.relation.v1,O006-90-005857,contains,O006-016-02-0035,O006-016-04-0101,,random/point/Sufficient.html,272
o006.random.backend.relation.v1,O006-90-005858,contains,O006-016-04-0101,O006-016-07-0092,,random/point/Sufficient.html,273
o006.random.backend.relation.v1,O006-90-005859,internal-link-target,O006-016-07-0092,O006-007-00-0001,random/sample/OrderStatistics.html,random/point/Sufficient.html,273
o006.random.backend.relation.v1,O006-90-005860,contains,O006-016-02-0035,O006-016-03-0023,,random/point/Sufficient.html,274
o006.random.backend.relation.v1,O006-90-005861,details-parent,O006-016-03-0023,O006-016-02-0035,,random/point/Sufficient.html,274
o006.random.backend.relation.v1,O006-90-005862,contains,O006-016-03-0023,O006-016-04-0102,,random/point/Sufficient.html,275
o006.random.backend.relation.v1,O006-90-005863,contains,O006-016-04-0102,O006-016-07-0093,,random/point/Sufficient.html,276
o006.random.backend.relation.v1,O006-90-005864,internal-link-target,O006-016-07-0093,O006-016-02-0003,random/point/Sufficient.html#fac,random/point/Sufficient.html,276
o006.random.backend.relation.v1,O006-90-005865,contains,O006-016-04-0102,O006-016-07-0094,,random/point/Sufficient.html,277
o006.random.backend.relation.v1,O006-90-005866,internal-link-target,O006-016-07-0094,O006-016-02-0006,random/point/Sufficient.html#min2,random/point/Sufficient.html,277
o006.random.backend.relation.v1,O006-90-005867,contains,O006-016-01-0016,O006-016-04-0103,,random/point/Sufficient.html,278
o006.random.backend.relation.v1,O006-90-005868,contains,O006-016-01-0016,O006-016-02-0036,,random/point/Sufficient.html,279
o006.random.backend.relation.v1,O006-90-005869,contains,O006-016-02-0036,O006-016-04-0104,,random/point/Sufficient.html,280
o006.random.backend.relation.v1,O006-90-005870,contains,O006-016-02-0036,O006-016-04-0105,,random/point/Sufficient.html,281
o006.random.backend.relation.v1,O006-90-005871,contains,O006-016-02-0036,O006-016-04-0106,,random/point/Sufficient.html,282
o006.random.backend.relation.v1,O006-90-005872,contains,O006-016-02-0036,O006-016-03-0024,,random/point/Sufficient.html,283
o006.random.backend.relation.v1,O006-90-005873,details-parent,O006-016-03-0024,O006-016-02-0036,,random/point/Sufficient.html,283
o006.random.backend.relation.v1,O006-90-005874,contains,O006-016-03-0024,O006-016-07-0095,,random/point/Sufficient.html,284
o006.random.backend.relation.v1,O006-90-005875,internal-link-target,O006-016-07-0095,O006-016-02-0035,random/point/Sufficient.html#uni1,random/point/Sufficient.html,284
o006.random.backend.relation.v1,O006-90-005876,contains,O006-016-01-0016,O006-016-02-0037,,random/point/Sufficient.html,285
o006.random.backend.relation.v1,O006-90-005877,contains,O006-016-02-0037,O006-016-07-0096,,random/point/Sufficient.html,286
o006.random.backend.relation.v1,O006-90-005878,internal-link-reference,O006-016-07-0096,,random/apps/UniformEstimate.html,random/point/Sufficient.html,286
o006.random.backend.relation.v1,O006-90-005879,contains,O006-016-01-0016,O006-016-04-0107,,random/point/Sufficient.html,287
o006.random.backend.relation.v1,O006-90-005880,contains,O006-016-04-0107,O006-016-07-0097,,random/point/Sufficient.html,288
o006.random.backend.relation.v1,O006-90-005881,internal-link-target,O006-016-07-0097,O006-012-01-0015,random/point/Moments.html#uni,random/point/Sufficient.html,288
o006.random.backend.relation.v1,O006-90-005882,contains,O006-016-01-0009,O006-016-01-0017,,random/point/Sufficient.html,289
o006.random.backend.relation.v1,O006-90-005883,contains,O006-016-01-0017,O006-016-04-0108,,random/point/Sufficient.html,290
o006.random.backend.relation.v1,O006-90-005884,contains,O006-016-01-0017,O006-016-04-0109,,random/point/Sufficient.html,291
o006.random.backend.relation.v1,O006-90-005885,contains,O006-016-04-0109,O006-016-07-0098,,random/point/Sufficient.html,292
o006.random.backend.relation.v1,O006-90-005886,internal-link-reference,O006-016-07-0098,,random/urn/Hypergeometric.html,random/point/Sufficient.html,292
o006.random.backend.relation.v1,O006-90-005887,contains,O006-016-01-0017,O006-016-02-0038,,random/point/Sufficient.html,293
o006.random.backend.relation.v1,O006-90-005888,contains,O006-016-02-0038,O006-016-04-0110,,random/point/Sufficient.html,294
o006.random.backend.relation.v1,O006-90-005889,contains,O006-016-02-0038,O006-016-03-0025,,random/point/Sufficient.html,295
o006.random.backend.relation.v1,O006-90-005890,details-parent,O006-016-03-0025,O006-016-02-0038,,random/point/Sufficient.html,295
o006.random.backend.relation.v1,O006-90-005891,contains,O006-016-03-0025,O006-016-04-0111,,random/point/Sufficient.html,296
o006.random.backend.relation.v1,O006-90-005892,contains,O006-016-01-0017,O006-016-04-0112,,random/point/Sufficient.html,297
o006.random.backend.relation.v1,O006-90-005893,contains,O006-016-01-0017,O006-016-04-0113,,random/point/Sufficient.html,298
o006.random.backend.relation.v1,O006-90-005894,contains,O006-016-01-0009,O006-016-01-0018,,random/point/Sufficient.html,299
o006.random.backend.relation.v1,O006-90-005895,contains,O006-016-01-0018,O006-016-04-0114,,random/point/Sufficient.html,300
o006.random.backend.relation.v1,O006-90-005896,contains,O006-016-04-0114,O006-016-07-0099,,random/point/Sufficient.html,301
o006.random.backend.relation.v1,O006-90-005897,internal-link-reference,O006-016-07-0099,,random/special/GeneralExponential.html,random/point/Sufficient.html,301
o006.random.backend.relation.v1,O006-90-005898,contains,O006-016-04-0114,O006-016-07-0100,,random/point/Sufficient.html,302
o006.random.backend.relation.v1,O006-90-005899,internal-link-target,O006-016-07-0100,O006-016-01-0010,random/point/Sufficient.html#ber,random/point/Sufficient.html,302
o006.random.backend.relation.v1,O006-90-005900,contains,O006-016-04-0114,O006-016-07-0101,,random/point/Sufficient.html,303
o006.random.backend.relation.v1,O006-90-005901,internal-link-target,O006-016-07-0101,O006-016-01-0011,random/point/Sufficient.html#poi,random/point/Sufficient.html,303
o006.random.backend.relation.v1,O006-90-005902,contains,O006-016-04-0114,O006-016-07-0102,,random/point/Sufficient.html,304
o006.random.backend.relation.v1,O006-90-005903,internal-link-target,O006-016-07-0102,O006-016-01-0013,random/point/Sufficient.html#gam,random/point/Sufficient.html,304
o006.random.backend.relation.v1,O006-90-005904,contains,O006-016-04-0114,O006-016-07-0103,,random/point/Sufficient.html,305
o006.random.backend.relation.v1,O006-90-005905,internal-link-target,O006-016-07-0103,O006-016-01-0012,random/point/Sufficient.html#nor,random/point/Sufficient.html,305
o006.random.backend.relation.v1,O006-90-005906,contains,O006-016-04-0114,O006-016-07-0104,,random/point/Sufficient.html,306
o006.random.backend.relation.v1,O006-90-005907,internal-link-target,O006-016-07-0104,O006-016-01-0014,random/point/Sufficient.html#bet,random/point/Sufficient.html,306
o006.random.backend.relation.v1,O006-90-005908,contains,O006-016-04-0114,O006-016-07-0105,,random/point/Sufficient.html,307
o006.random.backend.relation.v1,O006-90-005909,internal-link-target,O006-016-07-0105,O006-016-01-0010,random/point/Sufficient.html#ber,random/point/Sufficient.html,307
o006.random.backend.relation.v1,O006-90-005910,contains,O006-016-01-0018,O006-016-02-0039,,random/point/Sufficient.html,308
o006.random.backend.relation.v1,O006-90-005911,contains,O006-016-02-0039,O006-016-04-0115,,random/point/Sufficient.html,309
o006.random.backend.relation.v1,O006-90-005912,contains,O006-016-02-0039,O006-016-03-0026,,random/point/Sufficient.html,310
o006.random.backend.relation.v1,O006-90-005913,details-parent,O006-016-03-0026,O006-016-02-0039,,random/point/Sufficient.html,310
o006.random.backend.relation.v1,O006-90-005914,contains,O006-016-03-0026,O006-016-04-0116,,random/point/Sufficient.html,311
o006.random.backend.relation.v1,O006-90-005915,contains,O006-016-04-0116,O006-016-07-0106,,random/point/Sufficient.html,312
o006.random.backend.relation.v1,O006-90-005916,internal-link-target,O006-016-07-0106,O006-016-02-0003,random/point/Sufficient.html#fac,random/point/Sufficient.html,312
o006.random.backend.relation.v1,O006-90-005917,contains,O006-016-01-0018,O006-016-04-0117,,random/point/Sufficient.html,313
o006.random.backend.relation.v1,O006-90-005918,contains,O006-016-01-0018,O006-016-07-0107,,random/point/Sufficient.html,314
o006.random.backend.relation.v1,O006-90-005919,internal-link-reference,O006-016-07-0107,,random/index.html,random/point/Sufficient.html,314
o006.random.backend.relation.v1,O006-90-005920,contains,O006-016-01-0018,O006-016-07-0108,,random/point/Sufficient.html,315
o006.random.backend.relation.v1,O006-90-005921,internal-link-target,O006-016-07-0108,O006-010-00-0001,random/point/index.html,random/point/Sufficient.html,315
o006.random.backend.relation.v1,O006-90-005922,contains,O006-016-01-0018,O006-016-07-0109,,random/point/Sufficient.html,316
o006.random.backend.relation.v1,O006-90-005923,internal-link-target,O006-016-07-0109,O006-011-00-0001,random/point/Estimators.html,random/point/Sufficient.html,316
o006.random.backend.relation.v1,O006-90-005924,contains,O006-016-01-0018,O006-016-07-0110,,random/point/Sufficient.html,317
o006.random.backend.relation.v1,O006-90-005925,internal-link-target,O006-016-07-0110,O006-012-00-0001,random/point/Moments.html,random/point/Sufficient.html,317
o006.random.backend.relation.v1,O006-90-005926,contains,O006-016-01-0018,O006-016-07-0111,,random/point/Sufficient.html,318
o006.random.backend.relation.v1,O006-90-005927,internal-link-target,O006-016-07-0111,O006-013-00-0001,random/point/Likelihood.html,random/point/Sufficient.html,318
o006.random.backend.relation.v1,O006-90-005928,contains,O006-016-01-0018,O006-016-07-0112,,random/point/Sufficient.html,319
o006.random.backend.relation.v1,O006-90-005929,internal-link-target,O006-016-07-0112,O006-014-00-0001,random/point/Bayes.html,random/point/Sufficient.html,319
o006.random.backend.relation.v1,O006-90-005930,contains,O006-016-01-0018,O006-016-07-0113,,random/point/Sufficient.html,320
o006.random.backend.relation.v1,O006-90-005931,internal-link-target,O006-016-07-0113,O006-015-00-0001,random/point/Unbiased.html,random/point/Sufficient.html,320
o006.random.backend.relation.v1,O006-90-005932,asset-target,O006-016-06-0007,,random/icons/Plus.svg,random/point/Sufficient.html,321
o006.random.backend.relation.v1,O006-90-005933,contains,O006-016-01-0018,O006-016-06-0007,,random/point/Sufficient.html,321
o006.random.backend.relation.v1,O006-90-005934,asset-target,O006-016-06-0008,,random/icons/Minus.svg,random/point/Sufficient.html,322
o006.random.backend.relation.v1,O006-90-005935,contains,O006-016-01-0018,O006-016-06-0008,,random/point/Sufficient.html,322
o006.random.backend.relation.v1,O006-90-005936,contains,O006-016-01-0018,O006-016-07-0114,,random/point/Sufficient.html,323
o006.random.backend.relation.v1,O006-90-005937,internal-link-reference,O006-016-07-0114,,random/apps/index.html,random/point/Sufficient.html,323
o006.random.backend.relation.v1,O006-90-005938,contains,O006-016-01-0018,O006-016-07-0115,,random/point/Sufficient.html,324
o006.random.backend.relation.v1,O006-90-005939,internal-link-reference,O006-016-07-0115,,random/data/index.html,random/point/Sufficient.html,324
o006.random.backend.relation.v1,O006-90-005940,contains,O006-016-01-0018,O006-016-07-0116,,random/point/Sufficient.html,325
o006.random.backend.relation.v1,O006-90-005941,internal-link-reference,O006-016-07-0116,,random/biographies/index.html,random/point/Sufficient.html,325
