subject,predicate,object,scope
O006-C140-CMP-C1-SIM-RECEIPT,evidences,O006-C140-CMP-SIM001,local
O006-C140-CMP-C1-SIM-RECEIPT,evidences,O006-C140-CMP-SIM002,local
O006-C140-CMP-C1-SIM-RECEIPT,evidences,O006-C140-CMP-SIM003,local
O006-C140-CMP-C1-SIM-RECEIPT,evidences,O006-C140-CMP-SIM004,local
O006-C140-CMP-C2-SIM-RECEIPT,evidences,O006-C140-CMP-SIM005,local
O006-C140-CMP-CA01,assesses,O006-C140-CMP-D001,local
O006-C140-CMP-CA01,assesses,O006-C140-CMP-D002,local
O006-C140-CMP-CA01,assesses,O006-C140-CMP-D003,local
O006-C140-CMP-CA01,assesses,O006-C140-CMP-D004,local
O006-C140-CMP-CA01,assesses,O006-C140-CMP-D005,local
O006-C140-CMP-CA01,assesses,O006-C140-CMP-D006,local
O006-C140-CMP-CA01,assesses,O006-C140-CMP-D007,local
O006-C140-CMP-CA01,assesses,O006-C140-CMP-SIM001,local
O006-C140-CMP-CA01,assesses,O006-C140-CMP-SIM002,local
O006-C140-CMP-CA01,assesses,O006-C140-CMP-SIM003,local
O006-C140-CMP-CA01,assesses,O006-C140-CMP-SIM004,local
O006-C140-CMP-CA01,references,O006-016-02-0001,external
O006-C140-CMP-CA01,references,O006-016-02-0003,external
O006-C140-CMP-CA01,references,O006-016-02-0010,external
O006-C140-CMP-CA01,references,O006-016-02-0011,external
O006-C140-CMP-CA01,references,O006-016-02-0013,external
O006-C140-CMP-CA01,references,O006-C140-CMP-D001-THM-REPARAMETERIZATION,local
O006-C140-CMP-CA01,references,O006-C140-CMP-D001-THM-ZERO-SCORE,local
O006-C140-CMP-CA01,references,O006-C140-CMP-D002-THM-ARGMAX,local
O006-C140-CMP-CA01,references,O006-C140-CMP-D002-THM-KL-IDENTIFICATION,local
O006-C140-CMP-CA01,references,O006-C140-CMP-D003-THM-MLE-AN,local
O006-C140-CMP-CA01,references,O006-C140-CMP-D004-ASM001,local
O006-C140-CMP-CA01,references,O006-C140-CMP-D004-THM006,local
O006-C140-CMP-CA01,references,O006-C140-CMP-D006-THM01,local
O006-C140-CMP-CA01,references,O006-C140-CMP-D006-THM02,local
O006-C140-CMP-CA01,references,O006-C140-CMP-D007-THM01,local
O006-C140-CMP-CA01,references,O006-C140-CMP-D007-THM02,local
O006-C140-CMP-CA01,references,O006-C140-CMP-D007-THM04,local
O006-C140-CMP-CA01,references,O006-C140-CMP-D007-THM05,local
O006-C140-CMP-CA01,references,O006-C140-CMP-SIM002-SIM001,local
O006-C140-CMP-CA01,references,O006-C140-CMP-SIM003-CTR001,local
O006-C140-CMP-CA01-P01,belongs_to,O006-C140-CMP-CA01,local
O006-C140-CMP-CA01-P01-ANS,belongs_to,O006-C140-CMP-CA01,local
O006-C140-CMP-CA01-P01-H01,belongs_to,O006-C140-CMP-CA01,local
O006-C140-CMP-CA01-P01-H02,belongs_to,O006-C140-CMP-CA01,local
O006-C140-CMP-CA01-P01-SOL,belongs_to,O006-C140-CMP-CA01,local
O006-C140-CMP-CA01-P02,belongs_to,O006-C140-CMP-CA01,local
O006-C140-CMP-CA01-P02-ANS,belongs_to,O006-C140-CMP-CA01,local
O006-C140-CMP-CA01-P02-H01,belongs_to,O006-C140-CMP-CA01,local
O006-C140-CMP-CA01-P02-H02,belongs_to,O006-C140-CMP-CA01,local
O006-C140-CMP-CA01-P02-SOL,belongs_to,O006-C140-CMP-CA01,local
O006-C140-CMP-CA01-P03,belongs_to,O006-C140-CMP-CA01,local
O006-C140-CMP-CA01-P03-ANS,belongs_to,O006-C140-CMP-CA01,local
O006-C140-CMP-CA01-P03-H01,belongs_to,O006-C140-CMP-CA01,local
O006-C140-CMP-CA01-P03-H02,belongs_to,O006-C140-CMP-CA01,local
O006-C140-CMP-CA01-P03-SOL,belongs_to,O006-C140-CMP-CA01,local
O006-C140-CMP-CA01-P04,belongs_to,O006-C140-CMP-CA01,local
O006-C140-CMP-CA01-P04-ANS,belongs_to,O006-C140-CMP-CA01,local
O006-C140-CMP-CA01-P04-H01,belongs_to,O006-C140-CMP-CA01,local
O006-C140-CMP-CA01-P04-H02,belongs_to,O006-C140-CMP-CA01,local
O006-C140-CMP-CA01-P04-SOL,belongs_to,O006-C140-CMP-CA01,local
O006-C140-CMP-CA01-P05,belongs_to,O006-C140-CMP-CA01,local
O006-C140-CMP-CA01-P05-ANS,belongs_to,O006-C140-CMP-CA01,local
O006-C140-CMP-CA01-P05-H01,belongs_to,O006-C140-CMP-CA01,local
O006-C140-CMP-CA01-P05-H02,belongs_to,O006-C140-CMP-CA01,local
O006-C140-CMP-CA01-P05-SOL,belongs_to,O006-C140-CMP-CA01,local
O006-C140-CMP-CA01-P06,belongs_to,O006-C140-CMP-CA01,local
O006-C140-CMP-CA01-P06-ANS,belongs_to,O006-C140-CMP-CA01,local
O006-C140-CMP-CA01-P06-H01,belongs_to,O006-C140-CMP-CA01,local
O006-C140-CMP-CA01-P06-H02,belongs_to,O006-C140-CMP-CA01,local
O006-C140-CMP-CA01-P06-SOL,belongs_to,O006-C140-CMP-CA01,local
O006-C140-CMP-CA01-P07,belongs_to,O006-C140-CMP-CA01,local
O006-C140-CMP-CA01-P07-ANS,belongs_to,O006-C140-CMP-CA01,local
O006-C140-CMP-CA01-P07-H01,belongs_to,O006-C140-CMP-CA01,local
O006-C140-CMP-CA01-P07-H02,belongs_to,O006-C140-CMP-CA01,local
O006-C140-CMP-CA01-P07-SOL,belongs_to,O006-C140-CMP-CA01,local
O006-C140-CMP-CA01-P08,belongs_to,O006-C140-CMP-CA01,local
O006-C140-CMP-CA01-P08-ANS,belongs_to,O006-C140-CMP-CA01,local
O006-C140-CMP-CA01-P08-H01,belongs_to,O006-C140-CMP-CA01,local
O006-C140-CMP-CA01-P08-H02,belongs_to,O006-C140-CMP-CA01,local
O006-C140-CMP-CA01-P08-SOL,belongs_to,O006-C140-CMP-CA01,local
O006-C140-CMP-CA01-P09,belongs_to,O006-C140-CMP-CA01,local
O006-C140-CMP-CA01-P09-ANS,belongs_to,O006-C140-CMP-CA01,local
O006-C140-CMP-CA01-P09-H01,belongs_to,O006-C140-CMP-CA01,local
O006-C140-CMP-CA01-P09-H02,belongs_to,O006-C140-CMP-CA01,local
O006-C140-CMP-CA01-P09-SOL,belongs_to,O006-C140-CMP-CA01,local
O006-C140-CMP-CA01-P10,belongs_to,O006-C140-CMP-CA01,local
O006-C140-CMP-CA01-P10-ANS,belongs_to,O006-C140-CMP-CA01,local
O006-C140-CMP-CA01-P10-H01,belongs_to,O006-C140-CMP-CA01,local
O006-C140-CMP-CA01-P10-H02,belongs_to,O006-C140-CMP-CA01,local
O006-C140-CMP-CA01-P10-SOL,belongs_to,O006-C140-CMP-CA01,local
O006-C140-CMP-CA01-RUB00,belongs_to,O006-C140-CMP-CA01,local
O006-C140-CMP-CA01-RUB01,belongs_to,O006-C140-CMP-CA01,local
O006-C140-CMP-CA01-RUB02,belongs_to,O006-C140-CMP-CA01,local
O006-C140-CMP-CA01-RUB03,belongs_to,O006-C140-CMP-CA01,local
O006-C140-CMP-CA01-RUB04,belongs_to,O006-C140-CMP-CA01,local
O006-C140-CMP-CA01-RUB05,belongs_to,O006-C140-CMP-CA01,local
O006-C140-CMP-CA01-RUB06,belongs_to,O006-C140-CMP-CA01,local
O006-C140-CMP-CA01-RUB07,belongs_to,O006-C140-CMP-CA01,local
O006-C140-CMP-CA01-RUB08,belongs_to,O006-C140-CMP-CA01,local
O006-C140-CMP-CA01-RUB09,belongs_to,O006-C140-CMP-CA01,local
O006-C140-CMP-CA01-RUB10,belongs_to,O006-C140-CMP-CA01,local
O006-C140-CMP-CA01-SEC01,belongs_to,O006-C140-CMP-CA01,local
O006-C140-CMP-D001,precedes,O006-C140-CMP-D002,local
O006-C140-CMP-D001,precedes,O006-C140-CMP-D003,local
O006-C140-CMP-D001,references,O006-C140-CMP-D001-ASM-R1-R6,local
O006-C140-CMP-D001,references,O006-C140-CMP-D001-THM-DIFFERENTIATION,local
O006-C140-CMP-D001,references,O006-C140-CMP-D001-THM-ZERO-SCORE,local
O006-C140-CMP-D001,references,O006-C140-CMP-D002-SEC-OVERVIEW,local
O006-C140-CMP-D001,references,O006-C140-CMP-D002-THM-KL-IDENTIFICATION,local
O006-C140-CMP-D001,references,O006-C140-CMP-D003-SEC-OVERVIEW,local
O006-C140-CMP-D001,references,O006-C140-CMP-D003-THM-INFO-CONVERGENCE,local
O006-C140-CMP-D001-ASM-R1-R6,belongs_to,O006-C140-CMP-D001,local
O006-C140-CMP-D001-CTR-MOVING-SUPPORT,belongs_to,O006-C140-CMP-D001,local
O006-C140-CMP-D001-CTR-NONIDENTIFIABLE,belongs_to,O006-C140-CMP-D001,local
O006-C140-CMP-D001-CTR-SINGULAR-INFORMATION,belongs_to,O006-C140-CMP-D001,local
O006-C140-CMP-D001-DEF-DOMINATED-MODEL,belongs_to,O006-C140-CMP-D001,local
O006-C140-CMP-D001-DEF-FISHER,belongs_to,O006-C140-CMP-D001,local
O006-C140-CMP-D001-DEF-IDENTIFIABILITY,belongs_to,O006-C140-CMP-D001,local
O006-C140-CMP-D001-DEF-SCORE,belongs_to,O006-C140-CMP-D001,local
O006-C140-CMP-D001-DEF-SUPPORT,belongs_to,O006-C140-CMP-D001,local
O006-C140-CMP-D001-EX-BERNOULLI,belongs_to,O006-C140-CMP-D001,local
O006-C140-CMP-D001-EX-NORMAL,belongs_to,O006-C140-CMP-D001,local
O006-C140-CMP-D001-PRF-DIFFERENTIATION,belongs_to,O006-C140-CMP-D001,local
O006-C140-CMP-D001-PRF-IID-ADDITIVITY,belongs_to,O006-C140-CMP-D001,local
O006-C140-CMP-D001-PRF-INFO-IDENTITY,belongs_to,O006-C140-CMP-D001,local
O006-C140-CMP-D001-PRF-REPARAMETERIZATION,belongs_to,O006-C140-CMP-D001,local
O006-C140-CMP-D001-PRF-ZERO-SCORE,belongs_to,O006-C140-CMP-D001,local
O006-C140-CMP-D001-REM-CHECKLIST,belongs_to,O006-C140-CMP-D001,local
O006-C140-CMP-D001-SEC-DOMINATION,belongs_to,O006-C140-CMP-D001,local
O006-C140-CMP-D001-SEC-IDENTIFICATION,belongs_to,O006-C140-CMP-D001,local
O006-C140-CMP-D001-SEC-INFORMATION,belongs_to,O006-C140-CMP-D001,local
O006-C140-CMP-D001-SEC-OVERVIEW,belongs_to,O006-C140-CMP-D001,local
O006-C140-CMP-D001-SEC-REGULARITY,belongs_to,O006-C140-CMP-D001,local
O006-C140-CMP-D001-SEC-SCORE,belongs_to,O006-C140-CMP-D001,local
O006-C140-CMP-D001-THM-DIFFERENTIATION,belongs_to,O006-C140-CMP-D001,local
O006-C140-CMP-D001-THM-IID-ADDITIVITY,belongs_to,O006-C140-CMP-D001,local
O006-C140-CMP-D001-THM-INFO-IDENTITY,belongs_to,O006-C140-CMP-D001,local
O006-C140-CMP-D001-THM-REPARAMETERIZATION,belongs_to,O006-C140-CMP-D001,local
O006-C140-CMP-D001-THM-ZERO-SCORE,belongs_to,O006-C140-CMP-D001,local
O006-C140-CMP-D002,follows,O006-C140-CMP-D001,local
O006-C140-CMP-D002,precedes,O006-C140-CMP-D003,local
O006-C140-CMP-D002,references,O006-C140-CMP-D001-CTR-MOVING-SUPPORT,local
O006-C140-CMP-D002,references,O006-C140-CMP-D001-CTR-NONIDENTIFIABLE,local
O006-C140-CMP-D002,references,O006-C140-CMP-D001-DEF-DOMINATED-MODEL,local
O006-C140-CMP-D002,references,O006-C140-CMP-D001-DEF-IDENTIFIABILITY,local
O006-C140-CMP-D002,references,O006-C140-CMP-D002-ASM-SEPARATION,local
O006-C140-CMP-D002,references,O006-C140-CMP-D002-ASM-ULLN,local
O006-C140-CMP-D002,references,O006-C140-CMP-D002-THM-ARGMAX,local
O006-C140-CMP-D002,references,O006-C140-CMP-D002-THM-GIBBS,local
O006-C140-CMP-D002,references,O006-C140-CMP-D002-THM-KL-IDENTIFICATION,local
O006-C140-CMP-D002,references,O006-C140-CMP-D002-THM-ULLN,local
O006-C140-CMP-D002,references,O006-C140-CMP-D003-THM-MLE-AN,local
O006-C140-CMP-D002-ASM-SEPARATION,belongs_to,O006-C140-CMP-D002,local
O006-C140-CMP-D002-ASM-ULLN,belongs_to,O006-C140-CMP-D002,local
O006-C140-CMP-D002-CTR-NONIDENTIFIED,belongs_to,O006-C140-CMP-D002,local
O006-C140-CMP-D002-CTR-NONREGULAR-CONSISTENT,belongs_to,O006-C140-CMP-D002,local
O006-C140-CMP-D002-CTR-POINTWISE,belongs_to,O006-C140-CMP-D002,local
O006-C140-CMP-D002-CTR-PROB-NOT-MEAN,belongs_to,O006-C140-CMP-D002,local
O006-C140-CMP-D002-DEF-CONSISTENCY,belongs_to,O006-C140-CMP-D002,local
O006-C140-CMP-D002-DEF-CRITERIA,belongs_to,O006-C140-CMP-D002,local
O006-C140-CMP-D002-DEF-KL,belongs_to,O006-C140-CMP-D002,local
O006-C140-CMP-D002-DEF-UI,belongs_to,O006-C140-CMP-D002,local
O006-C140-CMP-D002-EX-BERNOULLI,belongs_to,O006-C140-CMP-D002,local
O006-C140-CMP-D002-EX-NORMAL-MEAN,belongs_to,O006-C140-CMP-D002,local
O006-C140-CMP-D002-PRF-ARGMAX,belongs_to,O006-C140-CMP-D002,local
O006-C140-CMP-D002-PRF-GIBBS,belongs_to,O006-C140-CMP-D002,local
O006-C140-CMP-D002-PRF-KL-IDENTIFICATION,belongs_to,O006-C140-CMP-D002,local
O006-C140-CMP-D002-PRF-MLE-CONSISTENCY,belongs_to,O006-C140-CMP-D002,local
O006-C140-CMP-D002-PRF-UI-EXPECTATION,belongs_to,O006-C140-CMP-D002,local
O006-C140-CMP-D002-PRF-ULLN,belongs_to,O006-C140-CMP-D002,local
O006-C140-CMP-D002-REM-BOUNDED-MLE,belongs_to,O006-C140-CMP-D002,local
O006-C140-CMP-D002-REM-ROADMAP,belongs_to,O006-C140-CMP-D002,local
O006-C140-CMP-D002-SEC-ARGMAX,belongs_to,O006-C140-CMP-D002,local
O006-C140-CMP-D002-SEC-EXPECTATIONS,belongs_to,O006-C140-CMP-D002,local
O006-C140-CMP-D002-SEC-M-ESTIMATION,belongs_to,O006-C140-CMP-D002,local
O006-C140-CMP-D002-SEC-OVERVIEW,belongs_to,O006-C140-CMP-D002,local
O006-C140-CMP-D002-SEC-ULLN,belongs_to,O006-C140-CMP-D002,local
O006-C140-CMP-D002-THM-ARGMAX,belongs_to,O006-C140-CMP-D002,local
O006-C140-CMP-D002-THM-GIBBS,belongs_to,O006-C140-CMP-D002,local
O006-C140-CMP-D002-THM-KL-IDENTIFICATION,belongs_to,O006-C140-CMP-D002,local
O006-C140-CMP-D002-THM-MLE-CONSISTENCY,belongs_to,O006-C140-CMP-D002,local
O006-C140-CMP-D002-THM-UI-EXPECTATION,belongs_to,O006-C140-CMP-D002,local
O006-C140-CMP-D002-THM-ULLN,belongs_to,O006-C140-CMP-D002,local
O006-C140-CMP-D003,follows,O006-C140-CMP-D001,local
O006-C140-CMP-D003,follows,O006-C140-CMP-D002,local
O006-C140-CMP-D003,references,O006-C140-CMP-D001-ASM-R1-R6,local
O006-C140-CMP-D003,references,O006-C140-CMP-D001-CTR-MOVING-SUPPORT,local
O006-C140-CMP-D003,references,O006-C140-CMP-D001-CTR-SINGULAR-INFORMATION,local
O006-C140-CMP-D003,references,O006-C140-CMP-D001-DEF-FISHER,local
O006-C140-CMP-D003,references,O006-C140-CMP-D001-EX-BERNOULLI,local
O006-C140-CMP-D003,references,O006-C140-CMP-D001-EX-NORMAL,local
O006-C140-CMP-D003,references,O006-C140-CMP-D001-THM-INFO-IDENTITY,local
O006-C140-CMP-D003,references,O006-C140-CMP-D002-THM-MLE-CONSISTENCY,local
O006-C140-CMP-D003,references,O006-C140-CMP-D002-THM-UI-EXPECTATION,local
O006-C140-CMP-D003,references,O006-C140-CMP-D002-THM-ULLN,local
O006-C140-CMP-D003,references,O006-C140-CMP-D003-THM-HESSIAN-ULLN,local
O006-C140-CMP-D003,references,O006-C140-CMP-D003-THM-MLE-AN,local
O006-C140-CMP-D003,references,O006-C140-CMP-D003-THM-SCORE-CLT,local
O006-C140-CMP-D003-ASM-A1-A7,belongs_to,O006-C140-CMP-D003,local
O006-C140-CMP-D003-CTR-BOUNDARY,belongs_to,O006-C140-CMP-D003,local
O006-C140-CMP-D003-CTR-SINGULAR,belongs_to,O006-C140-CMP-D003,local
O006-C140-CMP-D003-CTR-UNIFORM,belongs_to,O006-C140-CMP-D003,local
O006-C140-CMP-D003-DEF-INFO-ESTIMATORS,belongs_to,O006-C140-CMP-D003,local
O006-C140-CMP-D003-EX-BERNOULLI-LOGIT,belongs_to,O006-C140-CMP-D003,local
O006-C140-CMP-D003-EX-NORMAL-MEAN-VARIANCE,belongs_to,O006-C140-CMP-D003,local
O006-C140-CMP-D003-PRF-DELTA-MULTIVARIATE,belongs_to,O006-C140-CMP-D003,local
O006-C140-CMP-D003-PRF-DELTA-SCALAR,belongs_to,O006-C140-CMP-D003,local
O006-C140-CMP-D003-PRF-HESSIAN-ULLN,belongs_to,O006-C140-CMP-D003,local
O006-C140-CMP-D003-PRF-INFO-CONVERGENCE,belongs_to,O006-C140-CMP-D003,local
O006-C140-CMP-D003-PRF-LAN,belongs_to,O006-C140-CMP-D003,local
O006-C140-CMP-D003-PRF-MLE-AN,belongs_to,O006-C140-CMP-D003,local
O006-C140-CMP-D003-PRF-SCORE-CLT,belongs_to,O006-C140-CMP-D003,local
O006-C140-CMP-D003-REM-CONSISTENCY-NOT-ENOUGH,belongs_to,O006-C140-CMP-D003,local
O006-C140-CMP-D003-REM-OBSERVED-EXPECTED,belongs_to,O006-C140-CMP-D003,local
O006-C140-CMP-D003-REM-PRACTICE,belongs_to,O006-C140-CMP-D003,local
O006-C140-CMP-D003-SEC-DELTA,belongs_to,O006-C140-CMP-D003,local
O006-C140-CMP-D003-SEC-INFORMATION,belongs_to,O006-C140-CMP-D003,local
O006-C140-CMP-D003-SEC-LAN,belongs_to,O006-C140-CMP-D003,local
O006-C140-CMP-D003-SEC-OVERVIEW,belongs_to,O006-C140-CMP-D003,local
O006-C140-CMP-D003-SEC-SETUP,belongs_to,O006-C140-CMP-D003,local
O006-C140-CMP-D003-THM-DELTA-MULTIVARIATE,belongs_to,O006-C140-CMP-D003,local
O006-C140-CMP-D003-THM-DELTA-SCALAR,belongs_to,O006-C140-CMP-D003,local
O006-C140-CMP-D003-THM-HESSIAN-ULLN,belongs_to,O006-C140-CMP-D003,local
O006-C140-CMP-D003-THM-INFO-CONVERGENCE,belongs_to,O006-C140-CMP-D003,local
O006-C140-CMP-D003-THM-LAN,belongs_to,O006-C140-CMP-D003,local
O006-C140-CMP-D003-THM-MLE-AN,belongs_to,O006-C140-CMP-D003,local
O006-C140-CMP-D003-THM-SCORE-CLT,belongs_to,O006-C140-CMP-D003,local
O006-C140-CMP-D004,continues,O006-C140-CMP-D003,local
O006-C140-CMP-D004,prepares,O006-C140-CMP-D005,local
O006-C140-CMP-D004,references,O006-C140-CMP-D004-ASM001,local
O006-C140-CMP-D004,references,O006-C140-CMP-D004-THM001,local
O006-C140-CMP-D004,references,O006-C140-CMP-D004-THM002,local
O006-C140-CMP-D004,references,O006-C140-CMP-D004-THM003,local
O006-C140-CMP-D004,references,O006-C140-CMP-D004-THM004,local
O006-C140-CMP-D004,references,O006-C140-CMP-D004-THM005,local
O006-C140-CMP-D004,references,O006-C140-CMP-D005-CTR001,local
O006-C140-CMP-D004,references,O006-C140-CMP-D005-CTR002,local
O006-C140-CMP-D004,references,O006-C140-CMP-D005-CTR003,local
O006-C140-CMP-D004,references,O006-C140-CMP-D005-CTR004,local
O006-C140-CMP-D004,references,O006-C140-CMP-D005-SEC001,local
O006-C140-CMP-D004,supplements,O006-PSU-010,external
O006-C140-CMP-D004-ALG001,belongs_to,O006-C140-CMP-D004,local
O006-C140-CMP-D004-ASM001,belongs_to,O006-C140-CMP-D004,local
O006-C140-CMP-D004-DEF001,belongs_to,O006-C140-CMP-D004,local
O006-C140-CMP-D004-DEF002,belongs_to,O006-C140-CMP-D004,local
O006-C140-CMP-D004-DEF003,belongs_to,O006-C140-CMP-D004,local
O006-C140-CMP-D004-DEF004,belongs_to,O006-C140-CMP-D004,local
O006-C140-CMP-D004-EX001,belongs_to,O006-C140-CMP-D004,local
O006-C140-CMP-D004-EX002,belongs_to,O006-C140-CMP-D004,local
O006-C140-CMP-D004-PRF001,belongs_to,O006-C140-CMP-D004,local
O006-C140-CMP-D004-PRF002,belongs_to,O006-C140-CMP-D004,local
O006-C140-CMP-D004-PRF003,belongs_to,O006-C140-CMP-D004,local
O006-C140-CMP-D004-PRF004,belongs_to,O006-C140-CMP-D004,local
O006-C140-CMP-D004-PRF005,belongs_to,O006-C140-CMP-D004,local
O006-C140-CMP-D004-PRF006,belongs_to,O006-C140-CMP-D004,local
O006-C140-CMP-D004-REM001,belongs_to,O006-C140-CMP-D004,local
O006-C140-CMP-D004-SEC001,belongs_to,O006-C140-CMP-D004,local
O006-C140-CMP-D004-SEC002,belongs_to,O006-C140-CMP-D004,local
O006-C140-CMP-D004-SEC003,belongs_to,O006-C140-CMP-D004,local
O006-C140-CMP-D004-SEC004,belongs_to,O006-C140-CMP-D004,local
O006-C140-CMP-D004-SEC005,belongs_to,O006-C140-CMP-D004,local
O006-C140-CMP-D004-THM001,belongs_to,O006-C140-CMP-D004,local
O006-C140-CMP-D004-THM002,belongs_to,O006-C140-CMP-D004,local
O006-C140-CMP-D004-THM003,belongs_to,O006-C140-CMP-D004,local
O006-C140-CMP-D004-THM004,belongs_to,O006-C140-CMP-D004,local
O006-C140-CMP-D004-THM005,belongs_to,O006-C140-CMP-D004,local
O006-C140-CMP-D004-THM006,belongs_to,O006-C140-CMP-D004,local
O006-C140-CMP-D005,continues,O006-C140-CMP-D004,local
O006-C140-CMP-D005,references,O006-C140-CMP-D004-ASM001,local
O006-C140-CMP-D005,references,O006-C140-CMP-D004-DEF001,local
O006-C140-CMP-D005,references,O006-C140-CMP-D004-THM003,local
O006-C140-CMP-D005,references,O006-C140-CMP-D004-THM005,local
O006-C140-CMP-D005,references,O006-C140-CMP-D004-THM006,local
O006-C140-CMP-D005,references,O006-C140-CMP-D005-CTR003,local
O006-C140-CMP-D005,references,O006-C140-CMP-D005-CTR004,local
O006-C140-CMP-D005,references,O006-C140-CMP-D005-THM001,local
O006-C140-CMP-D005,references,O006-C140-CMP-D005-THM002,local
O006-C140-CMP-D005,references,O006-C140-CMP-D005-THM003,local
O006-C140-CMP-D005,references,O006-C140-CMP-D005-THM004,local
O006-C140-CMP-D005,references,O006-C140-CMP-D005-THM005,local
O006-C140-CMP-D005,references,O006-C140-CMP-D005-THM006,local
O006-C140-CMP-D005,supplements,O006-PSU-010,external
O006-C140-CMP-D005,supports,O006-C140-CMP-SIM003,local
O006-C140-CMP-D005-ALG001,belongs_to,O006-C140-CMP-D005,local
O006-C140-CMP-D005-CTR001,belongs_to,O006-C140-CMP-D005,local
O006-C140-CMP-D005-CTR002,belongs_to,O006-C140-CMP-D005,local
O006-C140-CMP-D005-CTR003,belongs_to,O006-C140-CMP-D005,local
O006-C140-CMP-D005-CTR004,belongs_to,O006-C140-CMP-D005,local
O006-C140-CMP-D005-DEF001,belongs_to,O006-C140-CMP-D005,local
O006-C140-CMP-D005-EX001,belongs_to,O006-C140-CMP-D005,local
O006-C140-CMP-D005-EX002,belongs_to,O006-C140-CMP-D005,local
O006-C140-CMP-D005-EX003,belongs_to,O006-C140-CMP-D005,local
O006-C140-CMP-D005-EX004,belongs_to,O006-C140-CMP-D005,local
O006-C140-CMP-D005-EX005,belongs_to,O006-C140-CMP-D005,local
O006-C140-CMP-D005-EX006,belongs_to,O006-C140-CMP-D005,local
O006-C140-CMP-D005-PRF001,belongs_to,O006-C140-CMP-D005,local
O006-C140-CMP-D005-PRF002,belongs_to,O006-C140-CMP-D005,local
O006-C140-CMP-D005-PRF003,belongs_to,O006-C140-CMP-D005,local
O006-C140-CMP-D005-PRF004,belongs_to,O006-C140-CMP-D005,local
O006-C140-CMP-D005-PRF005,belongs_to,O006-C140-CMP-D005,local
O006-C140-CMP-D005-PRF006,belongs_to,O006-C140-CMP-D005,local
O006-C140-CMP-D005-REM001,belongs_to,O006-C140-CMP-D005,local
O006-C140-CMP-D005-REM002,belongs_to,O006-C140-CMP-D005,local
O006-C140-CMP-D005-REM003,belongs_to,O006-C140-CMP-D005,local
O006-C140-CMP-D005-REM004,belongs_to,O006-C140-CMP-D005,local
O006-C140-CMP-D005-SEC001,belongs_to,O006-C140-CMP-D005,local
O006-C140-CMP-D005-SEC002,belongs_to,O006-C140-CMP-D005,local
O006-C140-CMP-D005-SEC003,belongs_to,O006-C140-CMP-D005,local
O006-C140-CMP-D005-SEC004,belongs_to,O006-C140-CMP-D005,local
O006-C140-CMP-D005-THM001,belongs_to,O006-C140-CMP-D005,local
O006-C140-CMP-D005-THM002,belongs_to,O006-C140-CMP-D005,local
O006-C140-CMP-D005-THM003,belongs_to,O006-C140-CMP-D005,local
O006-C140-CMP-D005-THM004,belongs_to,O006-C140-CMP-D005,local
O006-C140-CMP-D005-THM005,belongs_to,O006-C140-CMP-D005,local
O006-C140-CMP-D005-THM006,belongs_to,O006-C140-CMP-D005,local
O006-C140-CMP-D005-THM007,belongs_to,O006-C140-CMP-D005,local
O006-C140-CMP-D005-THM008,belongs_to,O006-C140-CMP-D005,local
O006-C140-CMP-D006,follows,O006-C140-CMP-D005,local
O006-C140-CMP-D006,references,O006-C140-CMP-D006-ASM01,local
O006-C140-CMP-D006,references,O006-C140-CMP-D006-CTR01,local
O006-C140-CMP-D006,references,O006-C140-CMP-D006-EX01,local
O006-C140-CMP-D006,references,O006-C140-CMP-D006-THM01,local
O006-C140-CMP-D006,references,O006-C140-CMP-D006-THM02,local
O006-C140-CMP-D006,references,O006-C140-CMP-D006-THM03,local
O006-C140-CMP-D006,supports,O006-C140-CMP-MS09,local
O006-C140-CMP-D006,supports,O006-C140-CMP-SIM004,local
O006-C140-CMP-D006-ALG01,belongs_to,O006-C140-CMP-D006,local
O006-C140-CMP-D006-ASM01,belongs_to,O006-C140-CMP-D006,local
O006-C140-CMP-D006-CTR01,belongs_to,O006-C140-CMP-D006,local
O006-C140-CMP-D006-DEF01,belongs_to,O006-C140-CMP-D006,local
O006-C140-CMP-D006-DEF02,belongs_to,O006-C140-CMP-D006,local
O006-C140-CMP-D006-DEF03,belongs_to,O006-C140-CMP-D006,local
O006-C140-CMP-D006-EX01,belongs_to,O006-C140-CMP-D006,local
O006-C140-CMP-D006-EX02,belongs_to,O006-C140-CMP-D006,local
O006-C140-CMP-D006-EX03,belongs_to,O006-C140-CMP-D006,local
O006-C140-CMP-D006-EX04,belongs_to,O006-C140-CMP-D006,local
O006-C140-CMP-D006-PRF01,belongs_to,O006-C140-CMP-D006,local
O006-C140-CMP-D006-PRF02,belongs_to,O006-C140-CMP-D006,local
O006-C140-CMP-D006-PRF03,belongs_to,O006-C140-CMP-D006,local
O006-C140-CMP-D006-REM01,belongs_to,O006-C140-CMP-D006,local
O006-C140-CMP-D006-REM02,belongs_to,O006-C140-CMP-D006,local
O006-C140-CMP-D006-SEC01,belongs_to,O006-C140-CMP-D006,local
O006-C140-CMP-D006-SEC02,belongs_to,O006-C140-CMP-D006,local
O006-C140-CMP-D006-THM01,belongs_to,O006-C140-CMP-D006,local
O006-C140-CMP-D006-THM02,belongs_to,O006-C140-CMP-D006,local
O006-C140-CMP-D006-THM03,belongs_to,O006-C140-CMP-D006,local
O006-C140-CMP-D007,extends,O006-016-02-0010,external
O006-C140-CMP-D007,extends,O006-016-02-0013,external
O006-C140-CMP-D007,follows,O006-C140-CMP-D006,local
O006-C140-CMP-D007,references,O006-016-00-0001,external
O006-C140-CMP-D007,references,O006-016-02-0001,external
O006-C140-CMP-D007,references,O006-016-02-0003,external
O006-C140-CMP-D007,references,O006-016-02-0010,external
O006-C140-CMP-D007,references,O006-016-02-0011,external
O006-C140-CMP-D007,references,O006-016-02-0013,external
O006-C140-CMP-D007,references,O006-016-02-0014,external
O006-C140-CMP-D007,references,O006-016-02-0015,external
O006-C140-CMP-D007,references,O006-C140-CMP-D006-DEF01,local
O006-C140-CMP-D007,references,O006-C140-CMP-D007-EX01,local
O006-C140-CMP-D007,references,O006-C140-CMP-D007-EX02,local
O006-C140-CMP-D007,references,O006-C140-CMP-D007-THM01,local
O006-C140-CMP-D007,references,O006-C140-CMP-D007-THM03,local
O006-C140-CMP-D007,references,O006-C140-CMP-D007-THM04,local
O006-C140-CMP-D007,references,O006-C140-CMP-D007-THM05,local
O006-C140-CMP-D007,supports,O006-C140-CMP-MS10,local
O006-C140-CMP-D007,supports,O006-C140-CMP-SIM002,local
O006-C140-CMP-D007-ALG01,belongs_to,O006-C140-CMP-D007,local
O006-C140-CMP-D007-ASM01,belongs_to,O006-C140-CMP-D007,local
O006-C140-CMP-D007-DEF01,belongs_to,O006-C140-CMP-D007,local
O006-C140-CMP-D007-DEF02,belongs_to,O006-C140-CMP-D007,local
O006-C140-CMP-D007-DEF03,belongs_to,O006-C140-CMP-D007,local
O006-C140-CMP-D007-DEF04,belongs_to,O006-C140-CMP-D007,local
O006-C140-CMP-D007-DEF05,belongs_to,O006-C140-CMP-D007,local
O006-C140-CMP-D007-DEF06,belongs_to,O006-C140-CMP-D007,local
O006-C140-CMP-D007-EX01,belongs_to,O006-C140-CMP-D007,local
O006-C140-CMP-D007-EX02,belongs_to,O006-C140-CMP-D007,local
O006-C140-CMP-D007-EX03,belongs_to,O006-C140-CMP-D007,local
O006-C140-CMP-D007-EX04,belongs_to,O006-C140-CMP-D007,local
O006-C140-CMP-D007-EX05,belongs_to,O006-C140-CMP-D007,local
O006-C140-CMP-D007-EX06,belongs_to,O006-C140-CMP-D007,local
O006-C140-CMP-D007-PRF01,belongs_to,O006-C140-CMP-D007,local
O006-C140-CMP-D007-PRF02,belongs_to,O006-C140-CMP-D007,local
O006-C140-CMP-D007-PRF03,belongs_to,O006-C140-CMP-D007,local
O006-C140-CMP-D007-PRF04,belongs_to,O006-C140-CMP-D007,local
O006-C140-CMP-D007-PRF05,belongs_to,O006-C140-CMP-D007,local
O006-C140-CMP-D007-PRF06,belongs_to,O006-C140-CMP-D007,local
O006-C140-CMP-D007-REM01,belongs_to,O006-C140-CMP-D007,local
O006-C140-CMP-D007-SEC01,belongs_to,O006-C140-CMP-D007,local
O006-C140-CMP-D007-SEC02,belongs_to,O006-C140-CMP-D007,local
O006-C140-CMP-D007-THM01,belongs_to,O006-C140-CMP-D007,local
O006-C140-CMP-D007-THM02,belongs_to,O006-C140-CMP-D007,local
O006-C140-CMP-D007-THM03,belongs_to,O006-C140-CMP-D007,local
O006-C140-CMP-D007-THM04,belongs_to,O006-C140-CMP-D007,local
O006-C140-CMP-D007-THM05,belongs_to,O006-C140-CMP-D007,local
O006-C140-CMP-D007-THM06,belongs_to,O006-C140-CMP-D007,local
O006-C140-CMP-D007-THM07,belongs_to,O006-C140-CMP-D007,local
O006-C140-CMP-D008,extends,O006-C140-CMP-D001,local
O006-C140-CMP-D008,references,O006-C140-CMP-D001-DEF-FISHER,local
O006-C140-CMP-D008,references,O006-C140-CMP-D008-ASM01,local
O006-C140-CMP-D008,references,O006-C140-CMP-D008-DEF01,local
O006-C140-CMP-D008,references,O006-C140-CMP-D008-EX01,local
O006-C140-CMP-D008,references,O006-C140-CMP-D008-PRF07,local
O006-C140-CMP-D008,references,O006-C140-CMP-D008-THM01,local
O006-C140-CMP-D008,references,O006-C140-CMP-D008-THM02,local
O006-C140-CMP-D008,references,O006-C140-CMP-D008-THM03,local
O006-C140-CMP-D008,references,O006-C140-CMP-D008-THM06,local
O006-C140-CMP-D008,references,O006-C140-CMP-D008-THM07,local
O006-C140-CMP-D008,uses,O006-C140-CMP-D003,local
O006-C140-CMP-D008,uses,O006-C140-CMP-D007,local
O006-C140-CMP-D008-ALG01,belongs_to,O006-C140-CMP-D008,local
O006-C140-CMP-D008-ASM01,belongs_to,O006-C140-CMP-D008,local
O006-C140-CMP-D008-CTR01,belongs_to,O006-C140-CMP-D008,local
O006-C140-CMP-D008-CTR02,belongs_to,O006-C140-CMP-D008,local
O006-C140-CMP-D008-CTR03,belongs_to,O006-C140-CMP-D008,local
O006-C140-CMP-D008-DEF01,belongs_to,O006-C140-CMP-D008,local
O006-C140-CMP-D008-DEF02,belongs_to,O006-C140-CMP-D008,local
O006-C140-CMP-D008-EX01,belongs_to,O006-C140-CMP-D008,local
O006-C140-CMP-D008-EX02,belongs_to,O006-C140-CMP-D008,local
O006-C140-CMP-D008-PRF01,belongs_to,O006-C140-CMP-D008,local
O006-C140-CMP-D008-PRF02,belongs_to,O006-C140-CMP-D008,local
O006-C140-CMP-D008-PRF03,belongs_to,O006-C140-CMP-D008,local
O006-C140-CMP-D008-PRF03A,belongs_to,O006-C140-CMP-D008,local
O006-C140-CMP-D008-PRF04,belongs_to,O006-C140-CMP-D008,local
O006-C140-CMP-D008-PRF05,belongs_to,O006-C140-CMP-D008,local
O006-C140-CMP-D008-PRF06,belongs_to,O006-C140-CMP-D008,local
O006-C140-CMP-D008-PRF07,belongs_to,O006-C140-CMP-D008,local
O006-C140-CMP-D008-PRF08,belongs_to,O006-C140-CMP-D008,local
O006-C140-CMP-D008-PRF09,belongs_to,O006-C140-CMP-D008,local
O006-C140-CMP-D008-PRF10,belongs_to,O006-C140-CMP-D008,local
O006-C140-CMP-D008-PRF11,belongs_to,O006-C140-CMP-D008,local
O006-C140-CMP-D008-REM01,belongs_to,O006-C140-CMP-D008,local
O006-C140-CMP-D008-REM02,belongs_to,O006-C140-CMP-D008,local
O006-C140-CMP-D008-REM03,belongs_to,O006-C140-CMP-D008,local
O006-C140-CMP-D008-REM04,belongs_to,O006-C140-CMP-D008,local
O006-C140-CMP-D008-SEC01,belongs_to,O006-C140-CMP-D008,local
O006-C140-CMP-D008-SEC02,belongs_to,O006-C140-CMP-D008,local
O006-C140-CMP-D008-SEC03,belongs_to,O006-C140-CMP-D008,local
O006-C140-CMP-D008-SEC04,belongs_to,O006-C140-CMP-D008,local
O006-C140-CMP-D008-SEC05,belongs_to,O006-C140-CMP-D008,local
O006-C140-CMP-D008-SEC06,belongs_to,O006-C140-CMP-D008,local
O006-C140-CMP-D008-THM01,belongs_to,O006-C140-CMP-D008,local
O006-C140-CMP-D008-THM02,belongs_to,O006-C140-CMP-D008,local
O006-C140-CMP-D008-THM03,belongs_to,O006-C140-CMP-D008,local
O006-C140-CMP-D008-THM03A,belongs_to,O006-C140-CMP-D008,local
O006-C140-CMP-D008-THM04,belongs_to,O006-C140-CMP-D008,local
O006-C140-CMP-D008-THM05,belongs_to,O006-C140-CMP-D008,local
O006-C140-CMP-D008-THM06,belongs_to,O006-C140-CMP-D008,local
O006-C140-CMP-D008-THM07,belongs_to,O006-C140-CMP-D008,local
O006-C140-CMP-D008-THM08,belongs_to,O006-C140-CMP-D008,local
O006-C140-CMP-D008-THM09,belongs_to,O006-C140-CMP-D008,local
O006-C140-CMP-D008-THM10,belongs_to,O006-C140-CMP-D008,local
O006-C140-CMP-D008-THM11,belongs_to,O006-C140-CMP-D008,local
O006-C140-CMP-D009,extends,O006-C140-CMP-D003,local
O006-C140-CMP-D009,follows,O006-C140-CMP-D008,local
O006-C140-CMP-D009,references,O006-C140-CMP-D009-THM-FITTED-RESIDUAL-COVARIANCE,local
O006-C140-CMP-D009,references,O006-C140-CMP-D009-THM-OLS-SOLUTION,local
O006-C140-CMP-D009,supports,O006-C140-CMP-MS12,local
O006-C140-CMP-D009,supports,O006-C140-CMP-SIM005,local
O006-C140-CMP-D009-ALG-AUDIT,belongs_to,O006-C140-CMP-D009,local
O006-C140-CMP-D009-ASM-FIXED-DESIGN,belongs_to,O006-C140-CMP-D009,local
O006-C140-CMP-D009-ASM-GAUSSIAN,belongs_to,O006-C140-CMP-D009,local
O006-C140-CMP-D009-CTR-NONGAUSSIAN,belongs_to,O006-C140-CMP-D009,local
O006-C140-CMP-D009-CTR-NONSPHERICAL,belongs_to,O006-C140-CMP-D009,local
O006-C140-CMP-D009-CTR-NONZERO-MEAN,belongs_to,O006-C140-CMP-D009,local
O006-C140-CMP-D009-CTR-RANK,belongs_to,O006-C140-CMP-D009,local
O006-C140-CMP-D009-DEF-BLUE,belongs_to,O006-C140-CMP-D009,local
O006-C140-CMP-D009-DEF-OLS,belongs_to,O006-C140-CMP-D009,local
O006-C140-CMP-D009-DEF-PROJECTIONS,belongs_to,O006-C140-CMP-D009,local
O006-C140-CMP-D009-DEF-RSS,belongs_to,O006-C140-CMP-D009,local
O006-C140-CMP-D009-PRF-FITTED-RESIDUAL-COVARIANCE,belongs_to,O006-C140-CMP-D009,local
O006-C140-CMP-D009-PRF-GAUSS-MARKOV,belongs_to,O006-C140-CMP-D009,local
O006-C140-CMP-D009-PRF-GAUSSIAN-DECOMPOSITION,belongs_to,O006-C140-CMP-D009,local
O006-C140-CMP-D009-PRF-GAUSSIAN-MLE,belongs_to,O006-C140-CMP-D009,local
O006-C140-CMP-D009-PRF-OLS-MOMENTS,belongs_to,O006-C140-CMP-D009,local
O006-C140-CMP-D009-PRF-OLS-SOLUTION,belongs_to,O006-C140-CMP-D009,local
O006-C140-CMP-D009-PRF-PROJECTION-GEOMETRY,belongs_to,O006-C140-CMP-D009,local
O006-C140-CMP-D009-PRF-SIGMA-UNBIASED,belongs_to,O006-C140-CMP-D009,local
O006-C140-CMP-D009-REM-GM-SCOPE,belongs_to,O006-C140-CMP-D009,local
O006-C140-CMP-D009-REM-LEVERAGE,belongs_to,O006-C140-CMP-D009,local
O006-C140-CMP-D009-REM-MLE-VS-GM,belongs_to,O006-C140-CMP-D009,local
O006-C140-CMP-D009-SEC-FAILURES,belongs_to,O006-C140-CMP-D009,local
O006-C140-CMP-D009-SEC-GAUSS-MARKOV,belongs_to,O006-C140-CMP-D009,local
O006-C140-CMP-D009-SEC-GAUSSIAN-MLE,belongs_to,O006-C140-CMP-D009,local
O006-C140-CMP-D009-SEC-GEOMETRY,belongs_to,O006-C140-CMP-D009,local
O006-C140-CMP-D009-SEC-MOMENTS,belongs_to,O006-C140-CMP-D009,local
O006-C140-CMP-D009-SEC-OLS,belongs_to,O006-C140-CMP-D009,local
O006-C140-CMP-D009-SEC-OVERVIEW,belongs_to,O006-C140-CMP-D009,local
O006-C140-CMP-D009-SEC-SETUP,belongs_to,O006-C140-CMP-D009,local
O006-C140-CMP-D009-SEC-SIGMA2,belongs_to,O006-C140-CMP-D009,local
O006-C140-CMP-D009-SEC-SUMMARY,belongs_to,O006-C140-CMP-D009,local
O006-C140-CMP-D009-THM-FITTED-RESIDUAL-COVARIANCE,belongs_to,O006-C140-CMP-D009,local
O006-C140-CMP-D009-THM-GAUSS-MARKOV,belongs_to,O006-C140-CMP-D009,local
O006-C140-CMP-D009-THM-GAUSS-MARKOV-LINEAR-TARGET,belongs_to,O006-C140-CMP-D009,local
O006-C140-CMP-D009-THM-GAUSSIAN-DECOMPOSITION,belongs_to,O006-C140-CMP-D009,local
O006-C140-CMP-D009-THM-GAUSSIAN-MLE,belongs_to,O006-C140-CMP-D009,local
O006-C140-CMP-D009-THM-OLS-MOMENTS,belongs_to,O006-C140-CMP-D009,local
O006-C140-CMP-D009-THM-OLS-SOLUTION,belongs_to,O006-C140-CMP-D009,local
O006-C140-CMP-D009-THM-PROJECTION-GEOMETRY,belongs_to,O006-C140-CMP-D009,local
O006-C140-CMP-D009-THM-SIGMA-UNBIASED,belongs_to,O006-C140-CMP-D009,local
O006-C140-CMP-D010,extends,O006-C140-CMP-D007,local
O006-C140-CMP-D010,follows,O006-C140-CMP-D009,local
O006-C140-CMP-D010,references,O006-C140-CMP-D007-THM06,local
O006-C140-CMP-D010,references,O006-C140-CMP-D010-ASM01,local
O006-C140-CMP-D010,references,O006-C140-CMP-D010-CTR01,local
O006-C140-CMP-D010,references,O006-C140-CMP-D010-DEF02,local
O006-C140-CMP-D010,references,O006-C140-CMP-D010-DEF03,local
O006-C140-CMP-D010,references,O006-C140-CMP-D010-PRF01,local
O006-C140-CMP-D010,references,O006-C140-CMP-D010-PRF06,local
O006-C140-CMP-D010,references,O006-C140-CMP-D010-THM01,local
O006-C140-CMP-D010,references,O006-C140-CMP-D010-THM02,local
O006-C140-CMP-D010,references,O006-C140-CMP-D010-THM03,local
O006-C140-CMP-D010,references,O006-C140-CMP-D010-THM04,local
O006-C140-CMP-D010,references,O006-C140-CMP-D010-THM05,local
O006-C140-CMP-D010,references,O006-C140-CMP-D010-THM09,local
O006-C140-CMP-D010,supports,O006-C140-CMP-MS12,local
O006-C140-CMP-D010,supports,O006-C140-CMP-SIM005,local
O006-C140-CMP-D010-ALG01,belongs_to,O006-C140-CMP-D010,local
O006-C140-CMP-D010-ASM01,belongs_to,O006-C140-CMP-D010,local
O006-C140-CMP-D010-CTR01,belongs_to,O006-C140-CMP-D010,local
O006-C140-CMP-D010-CTR02,belongs_to,O006-C140-CMP-D010,local
O006-C140-CMP-D010-DEF01,belongs_to,O006-C140-CMP-D010,local
O006-C140-CMP-D010-DEF02,belongs_to,O006-C140-CMP-D010,local
O006-C140-CMP-D010-DEF03,belongs_to,O006-C140-CMP-D010,local
O006-C140-CMP-D010-EX01,belongs_to,O006-C140-CMP-D010,local
O006-C140-CMP-D010-PRF01,belongs_to,O006-C140-CMP-D010,local
O006-C140-CMP-D010-PRF02,belongs_to,O006-C140-CMP-D010,local
O006-C140-CMP-D010-PRF03,belongs_to,O006-C140-CMP-D010,local
O006-C140-CMP-D010-PRF04,belongs_to,O006-C140-CMP-D010,local
O006-C140-CMP-D010-PRF05,belongs_to,O006-C140-CMP-D010,local
O006-C140-CMP-D010-PRF06,belongs_to,O006-C140-CMP-D010,local
O006-C140-CMP-D010-PRF07,belongs_to,O006-C140-CMP-D010,local
O006-C140-CMP-D010-PRF08,belongs_to,O006-C140-CMP-D010,local
O006-C140-CMP-D010-PRF09,belongs_to,O006-C140-CMP-D010,local
O006-C140-CMP-D010-PRF10,belongs_to,O006-C140-CMP-D010,local
O006-C140-CMP-D010-REM01,belongs_to,O006-C140-CMP-D010,local
O006-C140-CMP-D010-REM02,belongs_to,O006-C140-CMP-D010,local
O006-C140-CMP-D010-REM03,belongs_to,O006-C140-CMP-D010,local
O006-C140-CMP-D010-REM04,belongs_to,O006-C140-CMP-D010,local
O006-C140-CMP-D010-REM05,belongs_to,O006-C140-CMP-D010,local
O006-C140-CMP-D010-REM06,belongs_to,O006-C140-CMP-D010,local
O006-C140-CMP-D010-SEC01,belongs_to,O006-C140-CMP-D010,local
O006-C140-CMP-D010-SEC02,belongs_to,O006-C140-CMP-D010,local
O006-C140-CMP-D010-SEC03,belongs_to,O006-C140-CMP-D010,local
O006-C140-CMP-D010-SEC04,belongs_to,O006-C140-CMP-D010,local
O006-C140-CMP-D010-SEC05,belongs_to,O006-C140-CMP-D010,local
O006-C140-CMP-D010-SEC06,belongs_to,O006-C140-CMP-D010,local
O006-C140-CMP-D010-THM01,belongs_to,O006-C140-CMP-D010,local
O006-C140-CMP-D010-THM02,belongs_to,O006-C140-CMP-D010,local
O006-C140-CMP-D010-THM03,belongs_to,O006-C140-CMP-D010,local
O006-C140-CMP-D010-THM04,belongs_to,O006-C140-CMP-D010,local
O006-C140-CMP-D010-THM05,belongs_to,O006-C140-CMP-D010,local
O006-C140-CMP-D010-THM06,belongs_to,O006-C140-CMP-D010,local
O006-C140-CMP-D010-THM07,belongs_to,O006-C140-CMP-D010,local
O006-C140-CMP-D010-THM08,belongs_to,O006-C140-CMP-D010,local
O006-C140-CMP-D010-THM09,belongs_to,O006-C140-CMP-D010,local
O006-C140-CMP-D010-THM10,belongs_to,O006-C140-CMP-D010,local
O006-C140-CMP-D011,follows,O006-C140-CMP-D010,local
O006-C140-CMP-D011,references,O006-C140-CMP-D008,local
O006-C140-CMP-D011,references,O006-C140-CMP-D009,local
O006-C140-CMP-D011,references,O006-C140-CMP-D010,local
O006-C140-CMP-D011,references,O006-C140-CMP-SIM005,local
O006-C140-CMP-D011,supports,O006-C140-CMP-MS12,local
O006-C140-CMP-D011,supports,O006-C140-CMP-SIM005,local
O006-C140-CMP-D011,uses,O006-C140-CMP-D008,local
O006-C140-CMP-D011,uses,O006-C140-CMP-D009,local
O006-C140-CMP-D011-ALG01,belongs_to,O006-C140-CMP-D011,local
O006-C140-CMP-D011-CTR01,belongs_to,O006-C140-CMP-D011,local
O006-C140-CMP-D011-CTR02,belongs_to,O006-C140-CMP-D011,local
O006-C140-CMP-D011-DEF01,belongs_to,O006-C140-CMP-D011,local
O006-C140-CMP-D011-DEF02,belongs_to,O006-C140-CMP-D011,local
O006-C140-CMP-D011-DEF03,belongs_to,O006-C140-CMP-D011,local
O006-C140-CMP-D011-EX01,belongs_to,O006-C140-CMP-D011,local
O006-C140-CMP-D011-EX02,belongs_to,O006-C140-CMP-D011,local
O006-C140-CMP-D011-PRF01,belongs_to,O006-C140-CMP-D011,local
O006-C140-CMP-D011-PRF02,belongs_to,O006-C140-CMP-D011,local
O006-C140-CMP-D011-PRF03,belongs_to,O006-C140-CMP-D011,local
O006-C140-CMP-D011-PRF04,belongs_to,O006-C140-CMP-D011,local
O006-C140-CMP-D011-PRF05,belongs_to,O006-C140-CMP-D011,local
O006-C140-CMP-D011-REM01,belongs_to,O006-C140-CMP-D011,local
O006-C140-CMP-D011-SEC01,belongs_to,O006-C140-CMP-D011,local
O006-C140-CMP-D011-SEC02,belongs_to,O006-C140-CMP-D011,local
O006-C140-CMP-D011-SEC03,belongs_to,O006-C140-CMP-D011,local
O006-C140-CMP-D011-SEC04,belongs_to,O006-C140-CMP-D011,local
O006-C140-CMP-D011-SEC05,belongs_to,O006-C140-CMP-D011,local
O006-C140-CMP-D011-SEC06,belongs_to,O006-C140-CMP-D011,local
O006-C140-CMP-D011-THM01,belongs_to,O006-C140-CMP-D011,local
O006-C140-CMP-D011-THM02,belongs_to,O006-C140-CMP-D011,local
O006-C140-CMP-D011-THM03,belongs_to,O006-C140-CMP-D011,local
O006-C140-CMP-D011-THM04,belongs_to,O006-C140-CMP-D011,local
O006-C140-CMP-D011-THM05,belongs_to,O006-C140-CMP-D011,local
O006-C140-CMP-INDEX,references,O006-C140-CMP-CA01,local
O006-C140-CMP-INDEX,references,O006-C140-CMP-D001,local
O006-C140-CMP-INDEX,references,O006-C140-CMP-D002,local
O006-C140-CMP-INDEX,references,O006-C140-CMP-D003,local
O006-C140-CMP-INDEX,references,O006-C140-CMP-D004,local
O006-C140-CMP-INDEX,references,O006-C140-CMP-D005,local
O006-C140-CMP-INDEX,references,O006-C140-CMP-D006,local
O006-C140-CMP-INDEX,references,O006-C140-CMP-D007,local
O006-C140-CMP-INDEX,references,O006-C140-CMP-D008,local
O006-C140-CMP-INDEX,references,O006-C140-CMP-D009,local
O006-C140-CMP-INDEX,references,O006-C140-CMP-D010,local
O006-C140-CMP-INDEX,references,O006-C140-CMP-D011,local
O006-C140-CMP-INDEX,references,O006-C140-CMP-MS07,local
O006-C140-CMP-INDEX,references,O006-C140-CMP-MS08,local
O006-C140-CMP-INDEX,references,O006-C140-CMP-MS09,local
O006-C140-CMP-INDEX,references,O006-C140-CMP-MS10,local
O006-C140-CMP-INDEX,references,O006-C140-CMP-MS12,local
O006-C140-CMP-INDEX,references,O006-C140-CMP-SIM001,local
O006-C140-CMP-INDEX,references,O006-C140-CMP-SIM002,local
O006-C140-CMP-INDEX,references,O006-C140-CMP-SIM003,local
O006-C140-CMP-INDEX,references,O006-C140-CMP-SIM004,local
O006-C140-CMP-INDEX,references,O006-C140-CMP-SIM005,local
O006-C140-CMP-INDEX,supplements,O006-PSU-000,external
O006-C140-CMP-INDEX,uses-donor,O006-016-00-0001,external
O006-C140-CMP-INDEX-SEC001,belongs_to,O006-C140-CMP-INDEX,local
O006-C140-CMP-INDEX-SEC002,belongs_to,O006-C140-CMP-INDEX,local
O006-C140-CMP-INDEX-SEC003,belongs_to,O006-C140-CMP-INDEX,local
O006-C140-CMP-INDEX-SEC004,belongs_to,O006-C140-CMP-INDEX,local
O006-C140-CMP-INDEX-SEC005,belongs_to,O006-C140-CMP-INDEX,local
O006-C140-CMP-INDEX-SEC006,belongs_to,O006-C140-CMP-INDEX,local
O006-C140-CMP-MS07,assesses,O006-C140-CMP-D001,local
O006-C140-CMP-MS07,assesses,O006-C140-CMP-D002,local
O006-C140-CMP-MS07,assesses,O006-C140-CMP-D003,local
O006-C140-CMP-MS07,references,O006-C140-CMP-D001-ASM-R1-R6,local
O006-C140-CMP-MS07,references,O006-C140-CMP-D001-DEF-IDENTIFIABILITY,local
O006-C140-CMP-MS07,references,O006-C140-CMP-D001-DEF-SCORE,local
O006-C140-CMP-MS07,references,O006-C140-CMP-D001-THM-DIFFERENTIATION,local
O006-C140-CMP-MS07,references,O006-C140-CMP-D001-THM-REPARAMETERIZATION,local
O006-C140-CMP-MS07,references,O006-C140-CMP-D002-DEF-UI,local
O006-C140-CMP-MS07,references,O006-C140-CMP-D002-THM-ARGMAX,local
O006-C140-CMP-MS07,references,O006-C140-CMP-D002-THM-KL-IDENTIFICATION,local
O006-C140-CMP-MS07,references,O006-C140-CMP-D002-THM-UI-EXPECTATION,local
O006-C140-CMP-MS07,references,O006-C140-CMP-D002-THM-ULLN,local
O006-C140-CMP-MS07,references,O006-C140-CMP-D003-THM-DELTA-MULTIVARIATE,local
O006-C140-CMP-MS07,references,O006-C140-CMP-D003-THM-MLE-AN,local
O006-C140-CMP-MS07-P01,belongs_to,O006-C140-CMP-MS07,local
O006-C140-CMP-MS07-P01-ANS,belongs_to,O006-C140-CMP-MS07,local
O006-C140-CMP-MS07-P01-H01,belongs_to,O006-C140-CMP-MS07,local
O006-C140-CMP-MS07-P01-H02,belongs_to,O006-C140-CMP-MS07,local
O006-C140-CMP-MS07-P01-SOL,belongs_to,O006-C140-CMP-MS07,local
O006-C140-CMP-MS07-P02,belongs_to,O006-C140-CMP-MS07,local
O006-C140-CMP-MS07-P02-ANS,belongs_to,O006-C140-CMP-MS07,local
O006-C140-CMP-MS07-P02-H01,belongs_to,O006-C140-CMP-MS07,local
O006-C140-CMP-MS07-P02-H02,belongs_to,O006-C140-CMP-MS07,local
O006-C140-CMP-MS07-P02-SOL,belongs_to,O006-C140-CMP-MS07,local
O006-C140-CMP-MS07-P03,belongs_to,O006-C140-CMP-MS07,local
O006-C140-CMP-MS07-P03-ANS,belongs_to,O006-C140-CMP-MS07,local
O006-C140-CMP-MS07-P03-H01,belongs_to,O006-C140-CMP-MS07,local
O006-C140-CMP-MS07-P03-H02,belongs_to,O006-C140-CMP-MS07,local
O006-C140-CMP-MS07-P03-SOL,belongs_to,O006-C140-CMP-MS07,local
O006-C140-CMP-MS07-P04,belongs_to,O006-C140-CMP-MS07,local
O006-C140-CMP-MS07-P04-ANS,belongs_to,O006-C140-CMP-MS07,local
O006-C140-CMP-MS07-P04-H01,belongs_to,O006-C140-CMP-MS07,local
O006-C140-CMP-MS07-P04-H02,belongs_to,O006-C140-CMP-MS07,local
O006-C140-CMP-MS07-P04-SOL,belongs_to,O006-C140-CMP-MS07,local
O006-C140-CMP-MS07-P05,belongs_to,O006-C140-CMP-MS07,local
O006-C140-CMP-MS07-P05-ANS,belongs_to,O006-C140-CMP-MS07,local
O006-C140-CMP-MS07-P05-H01,belongs_to,O006-C140-CMP-MS07,local
O006-C140-CMP-MS07-P05-H02,belongs_to,O006-C140-CMP-MS07,local
O006-C140-CMP-MS07-P05-SOL,belongs_to,O006-C140-CMP-MS07,local
O006-C140-CMP-MS07-P06,belongs_to,O006-C140-CMP-MS07,local
O006-C140-CMP-MS07-P06-ANS,belongs_to,O006-C140-CMP-MS07,local
O006-C140-CMP-MS07-P06-H01,belongs_to,O006-C140-CMP-MS07,local
O006-C140-CMP-MS07-P06-H02,belongs_to,O006-C140-CMP-MS07,local
O006-C140-CMP-MS07-P06-SOL,belongs_to,O006-C140-CMP-MS07,local
O006-C140-CMP-MS07-P07,belongs_to,O006-C140-CMP-MS07,local
O006-C140-CMP-MS07-P07-ANS,belongs_to,O006-C140-CMP-MS07,local
O006-C140-CMP-MS07-P07-H01,belongs_to,O006-C140-CMP-MS07,local
O006-C140-CMP-MS07-P07-H02,belongs_to,O006-C140-CMP-MS07,local
O006-C140-CMP-MS07-P07-SOL,belongs_to,O006-C140-CMP-MS07,local
O006-C140-CMP-MS07-P08,belongs_to,O006-C140-CMP-MS07,local
O006-C140-CMP-MS07-P08-ANS,belongs_to,O006-C140-CMP-MS07,local
O006-C140-CMP-MS07-P08-H01,belongs_to,O006-C140-CMP-MS07,local
O006-C140-CMP-MS07-P08-H02,belongs_to,O006-C140-CMP-MS07,local
O006-C140-CMP-MS07-P08-SOL,belongs_to,O006-C140-CMP-MS07,local
O006-C140-CMP-MS07-SEC-OVERVIEW,belongs_to,O006-C140-CMP-MS07,local
O006-C140-CMP-MS08,assesses,O006-C140-CMP-D003,local
O006-C140-CMP-MS08,assesses,O006-C140-CMP-D004,local
O006-C140-CMP-MS08,assesses,O006-C140-CMP-D005,local
O006-C140-CMP-MS08,references,O006-C140-CMP-D004-ASM001,local
O006-C140-CMP-MS08,references,O006-C140-CMP-D004-DEF002,local
O006-C140-CMP-MS08,references,O006-C140-CMP-D004-DEF003,local
O006-C140-CMP-MS08,references,O006-C140-CMP-D004-DEF004,local
O006-C140-CMP-MS08,references,O006-C140-CMP-D004-REM001,local
O006-C140-CMP-MS08,references,O006-C140-CMP-D004-THM006,local
O006-C140-CMP-MS08,references,O006-C140-CMP-D005-SEC002,local
O006-C140-CMP-MS08,references,O006-C140-CMP-D005-THM002,local
O006-C140-CMP-MS08,references,O006-C140-CMP-D005-THM005,local
O006-C140-CMP-MS08-P01,belongs_to,O006-C140-CMP-MS08,local
O006-C140-CMP-MS08-P01-ANS,belongs_to,O006-C140-CMP-MS08,local
O006-C140-CMP-MS08-P01-H01,belongs_to,O006-C140-CMP-MS08,local
O006-C140-CMP-MS08-P01-H02,belongs_to,O006-C140-CMP-MS08,local
O006-C140-CMP-MS08-P01-SOL,belongs_to,O006-C140-CMP-MS08,local
O006-C140-CMP-MS08-P02,belongs_to,O006-C140-CMP-MS08,local
O006-C140-CMP-MS08-P02-ANS,belongs_to,O006-C140-CMP-MS08,local
O006-C140-CMP-MS08-P02-H01,belongs_to,O006-C140-CMP-MS08,local
O006-C140-CMP-MS08-P02-H02,belongs_to,O006-C140-CMP-MS08,local
O006-C140-CMP-MS08-P02-SOL,belongs_to,O006-C140-CMP-MS08,local
O006-C140-CMP-MS08-P03,belongs_to,O006-C140-CMP-MS08,local
O006-C140-CMP-MS08-P03-ANS,belongs_to,O006-C140-CMP-MS08,local
O006-C140-CMP-MS08-P03-H01,belongs_to,O006-C140-CMP-MS08,local
O006-C140-CMP-MS08-P03-H02,belongs_to,O006-C140-CMP-MS08,local
O006-C140-CMP-MS08-P03-SOL,belongs_to,O006-C140-CMP-MS08,local
O006-C140-CMP-MS08-P04,belongs_to,O006-C140-CMP-MS08,local
O006-C140-CMP-MS08-P04-ANS,belongs_to,O006-C140-CMP-MS08,local
O006-C140-CMP-MS08-P04-H01,belongs_to,O006-C140-CMP-MS08,local
O006-C140-CMP-MS08-P04-H02,belongs_to,O006-C140-CMP-MS08,local
O006-C140-CMP-MS08-P04-SOL,belongs_to,O006-C140-CMP-MS08,local
O006-C140-CMP-MS08-P05,belongs_to,O006-C140-CMP-MS08,local
O006-C140-CMP-MS08-P05-ANS,belongs_to,O006-C140-CMP-MS08,local
O006-C140-CMP-MS08-P05-H01,belongs_to,O006-C140-CMP-MS08,local
O006-C140-CMP-MS08-P05-H02,belongs_to,O006-C140-CMP-MS08,local
O006-C140-CMP-MS08-P05-SOL,belongs_to,O006-C140-CMP-MS08,local
O006-C140-CMP-MS08-P06,belongs_to,O006-C140-CMP-MS08,local
O006-C140-CMP-MS08-P06-ANS,belongs_to,O006-C140-CMP-MS08,local
O006-C140-CMP-MS08-P06-H01,belongs_to,O006-C140-CMP-MS08,local
O006-C140-CMP-MS08-P06-H02,belongs_to,O006-C140-CMP-MS08,local
O006-C140-CMP-MS08-P06-SOL,belongs_to,O006-C140-CMP-MS08,local
O006-C140-CMP-MS08-P07,belongs_to,O006-C140-CMP-MS08,local
O006-C140-CMP-MS08-P07-ANS,belongs_to,O006-C140-CMP-MS08,local
O006-C140-CMP-MS08-P07-H01,belongs_to,O006-C140-CMP-MS08,local
O006-C140-CMP-MS08-P07-H02,belongs_to,O006-C140-CMP-MS08,local
O006-C140-CMP-MS08-P07-SOL,belongs_to,O006-C140-CMP-MS08,local
O006-C140-CMP-MS08-P08,belongs_to,O006-C140-CMP-MS08,local
O006-C140-CMP-MS08-P08-ANS,belongs_to,O006-C140-CMP-MS08,local
O006-C140-CMP-MS08-P08-H01,belongs_to,O006-C140-CMP-MS08,local
O006-C140-CMP-MS08-P08-H02,belongs_to,O006-C140-CMP-MS08,local
O006-C140-CMP-MS08-P08-SOL,belongs_to,O006-C140-CMP-MS08,local
O006-C140-CMP-MS08-SEC-OVERVIEW,belongs_to,O006-C140-CMP-MS08,local
O006-C140-CMP-MS09,assesses,O006-C140-CMP-D006,local
O006-C140-CMP-MS09,prepares,O006-C140-CMP-SIM004,local
O006-C140-CMP-MS09,references,O006-C140-CMP-MS09-P04,local
O006-C140-CMP-MS09-P01,belongs_to,O006-C140-CMP-MS09,local
O006-C140-CMP-MS09-P01-ANS,belongs_to,O006-C140-CMP-MS09,local
O006-C140-CMP-MS09-P01-H01,belongs_to,O006-C140-CMP-MS09,local
O006-C140-CMP-MS09-P01-H02,belongs_to,O006-C140-CMP-MS09,local
O006-C140-CMP-MS09-P01-SOL,belongs_to,O006-C140-CMP-MS09,local
O006-C140-CMP-MS09-P02,belongs_to,O006-C140-CMP-MS09,local
O006-C140-CMP-MS09-P02-ANS,belongs_to,O006-C140-CMP-MS09,local
O006-C140-CMP-MS09-P02-H01,belongs_to,O006-C140-CMP-MS09,local
O006-C140-CMP-MS09-P02-H02,belongs_to,O006-C140-CMP-MS09,local
O006-C140-CMP-MS09-P02-SOL,belongs_to,O006-C140-CMP-MS09,local
O006-C140-CMP-MS09-P03,belongs_to,O006-C140-CMP-MS09,local
O006-C140-CMP-MS09-P03-ANS,belongs_to,O006-C140-CMP-MS09,local
O006-C140-CMP-MS09-P03-H01,belongs_to,O006-C140-CMP-MS09,local
O006-C140-CMP-MS09-P03-H02,belongs_to,O006-C140-CMP-MS09,local
O006-C140-CMP-MS09-P03-SOL,belongs_to,O006-C140-CMP-MS09,local
O006-C140-CMP-MS09-P04,belongs_to,O006-C140-CMP-MS09,local
O006-C140-CMP-MS09-P04-ANS,belongs_to,O006-C140-CMP-MS09,local
O006-C140-CMP-MS09-P04-H01,belongs_to,O006-C140-CMP-MS09,local
O006-C140-CMP-MS09-P04-H02,belongs_to,O006-C140-CMP-MS09,local
O006-C140-CMP-MS09-P04-SOL,belongs_to,O006-C140-CMP-MS09,local
O006-C140-CMP-MS09-P05,belongs_to,O006-C140-CMP-MS09,local
O006-C140-CMP-MS09-P05-ANS,belongs_to,O006-C140-CMP-MS09,local
O006-C140-CMP-MS09-P05-H01,belongs_to,O006-C140-CMP-MS09,local
O006-C140-CMP-MS09-P05-H02,belongs_to,O006-C140-CMP-MS09,local
O006-C140-CMP-MS09-P05-SOL,belongs_to,O006-C140-CMP-MS09,local
O006-C140-CMP-MS09-P06,belongs_to,O006-C140-CMP-MS09,local
O006-C140-CMP-MS09-P06-ANS,belongs_to,O006-C140-CMP-MS09,local
O006-C140-CMP-MS09-P06-H01,belongs_to,O006-C140-CMP-MS09,local
O006-C140-CMP-MS09-P06-H02,belongs_to,O006-C140-CMP-MS09,local
O006-C140-CMP-MS09-P06-SOL,belongs_to,O006-C140-CMP-MS09,local
O006-C140-CMP-MS09-P07,belongs_to,O006-C140-CMP-MS09,local
O006-C140-CMP-MS09-P07-ANS,belongs_to,O006-C140-CMP-MS09,local
O006-C140-CMP-MS09-P07-H01,belongs_to,O006-C140-CMP-MS09,local
O006-C140-CMP-MS09-P07-H02,belongs_to,O006-C140-CMP-MS09,local
O006-C140-CMP-MS09-P07-SOL,belongs_to,O006-C140-CMP-MS09,local
O006-C140-CMP-MS09-P08,belongs_to,O006-C140-CMP-MS09,local
O006-C140-CMP-MS09-P08-ANS,belongs_to,O006-C140-CMP-MS09,local
O006-C140-CMP-MS09-P08-H01,belongs_to,O006-C140-CMP-MS09,local
O006-C140-CMP-MS09-P08-H02,belongs_to,O006-C140-CMP-MS09,local
O006-C140-CMP-MS09-P08-SOL,belongs_to,O006-C140-CMP-MS09,local
O006-C140-CMP-MS09-SEC01,belongs_to,O006-C140-CMP-MS09,local
O006-C140-CMP-MS09-SEC02,belongs_to,O006-C140-CMP-MS09,local
O006-C140-CMP-MS10,assesses,O006-C140-CMP-D004,local
O006-C140-CMP-MS10,assesses,O006-C140-CMP-D005,local
O006-C140-CMP-MS10,assesses,O006-C140-CMP-D007,local
O006-C140-CMP-MS10,references,O006-016-02-0001,external
O006-C140-CMP-MS10,references,O006-016-02-0003,external
O006-C140-CMP-MS10,references,O006-016-02-0010,external
O006-C140-CMP-MS10,references,O006-016-02-0011,external
O006-C140-CMP-MS10,references,O006-016-02-0013,external
O006-C140-CMP-MS10-P01,belongs_to,O006-C140-CMP-MS10,local
O006-C140-CMP-MS10-P01-ANS,belongs_to,O006-C140-CMP-MS10,local
O006-C140-CMP-MS10-P01-H01,belongs_to,O006-C140-CMP-MS10,local
O006-C140-CMP-MS10-P01-H02,belongs_to,O006-C140-CMP-MS10,local
O006-C140-CMP-MS10-P01-SOL,belongs_to,O006-C140-CMP-MS10,local
O006-C140-CMP-MS10-P02,belongs_to,O006-C140-CMP-MS10,local
O006-C140-CMP-MS10-P02-ANS,belongs_to,O006-C140-CMP-MS10,local
O006-C140-CMP-MS10-P02-H01,belongs_to,O006-C140-CMP-MS10,local
O006-C140-CMP-MS10-P02-H02,belongs_to,O006-C140-CMP-MS10,local
O006-C140-CMP-MS10-P02-SOL,belongs_to,O006-C140-CMP-MS10,local
O006-C140-CMP-MS10-P03,belongs_to,O006-C140-CMP-MS10,local
O006-C140-CMP-MS10-P03-ANS,belongs_to,O006-C140-CMP-MS10,local
O006-C140-CMP-MS10-P03-H01,belongs_to,O006-C140-CMP-MS10,local
O006-C140-CMP-MS10-P03-H02,belongs_to,O006-C140-CMP-MS10,local
O006-C140-CMP-MS10-P03-SOL,belongs_to,O006-C140-CMP-MS10,local
O006-C140-CMP-MS10-P04,belongs_to,O006-C140-CMP-MS10,local
O006-C140-CMP-MS10-P04-ANS,belongs_to,O006-C140-CMP-MS10,local
O006-C140-CMP-MS10-P04-H01,belongs_to,O006-C140-CMP-MS10,local
O006-C140-CMP-MS10-P04-H02,belongs_to,O006-C140-CMP-MS10,local
O006-C140-CMP-MS10-P04-SOL,belongs_to,O006-C140-CMP-MS10,local
O006-C140-CMP-MS10-P05,belongs_to,O006-C140-CMP-MS10,local
O006-C140-CMP-MS10-P05-ANS,belongs_to,O006-C140-CMP-MS10,local
O006-C140-CMP-MS10-P05-H01,belongs_to,O006-C140-CMP-MS10,local
O006-C140-CMP-MS10-P05-H02,belongs_to,O006-C140-CMP-MS10,local
O006-C140-CMP-MS10-P05-SOL,belongs_to,O006-C140-CMP-MS10,local
O006-C140-CMP-MS10-P06,belongs_to,O006-C140-CMP-MS10,local
O006-C140-CMP-MS10-P06-ANS,belongs_to,O006-C140-CMP-MS10,local
O006-C140-CMP-MS10-P06-H01,belongs_to,O006-C140-CMP-MS10,local
O006-C140-CMP-MS10-P06-H02,belongs_to,O006-C140-CMP-MS10,local
O006-C140-CMP-MS10-P06-SOL,belongs_to,O006-C140-CMP-MS10,local
O006-C140-CMP-MS10-P07,belongs_to,O006-C140-CMP-MS10,local
O006-C140-CMP-MS10-P07-ANS,belongs_to,O006-C140-CMP-MS10,local
O006-C140-CMP-MS10-P07-H01,belongs_to,O006-C140-CMP-MS10,local
O006-C140-CMP-MS10-P07-H02,belongs_to,O006-C140-CMP-MS10,local
O006-C140-CMP-MS10-P07-SOL,belongs_to,O006-C140-CMP-MS10,local
O006-C140-CMP-MS10-P08,belongs_to,O006-C140-CMP-MS10,local
O006-C140-CMP-MS10-P08-ANS,belongs_to,O006-C140-CMP-MS10,local
O006-C140-CMP-MS10-P08-H01,belongs_to,O006-C140-CMP-MS10,local
O006-C140-CMP-MS10-P08-H02,belongs_to,O006-C140-CMP-MS10,local
O006-C140-CMP-MS10-P08-SOL,belongs_to,O006-C140-CMP-MS10,local
O006-C140-CMP-MS10-SEC01,belongs_to,O006-C140-CMP-MS10,local
O006-C140-CMP-MS10-SEC02,belongs_to,O006-C140-CMP-MS10,local
O006-C140-CMP-MS12,assesses,O006-C140-CMP-D008,local
O006-C140-CMP-MS12,assesses,O006-C140-CMP-D009,local
O006-C140-CMP-MS12,assesses,O006-C140-CMP-D010,local
O006-C140-CMP-MS12,assesses,O006-C140-CMP-D011,local
O006-C140-CMP-MS12,assesses,O006-C140-CMP-SIM005,local
O006-C140-CMP-MS12-P01,belongs_to,O006-C140-CMP-MS12,local
O006-C140-CMP-MS12-P01-ANS,belongs_to,O006-C140-CMP-MS12,local
O006-C140-CMP-MS12-P01-H01,belongs_to,O006-C140-CMP-MS12,local
O006-C140-CMP-MS12-P01-H02,belongs_to,O006-C140-CMP-MS12,local
O006-C140-CMP-MS12-P01-SOL,belongs_to,O006-C140-CMP-MS12,local
O006-C140-CMP-MS12-P02,belongs_to,O006-C140-CMP-MS12,local
O006-C140-CMP-MS12-P02-ANS,belongs_to,O006-C140-CMP-MS12,local
O006-C140-CMP-MS12-P02-H01,belongs_to,O006-C140-CMP-MS12,local
O006-C140-CMP-MS12-P02-H02,belongs_to,O006-C140-CMP-MS12,local
O006-C140-CMP-MS12-P02-SOL,belongs_to,O006-C140-CMP-MS12,local
O006-C140-CMP-MS12-P03,belongs_to,O006-C140-CMP-MS12,local
O006-C140-CMP-MS12-P03-ANS,belongs_to,O006-C140-CMP-MS12,local
O006-C140-CMP-MS12-P03-H01,belongs_to,O006-C140-CMP-MS12,local
O006-C140-CMP-MS12-P03-H02,belongs_to,O006-C140-CMP-MS12,local
O006-C140-CMP-MS12-P03-SOL,belongs_to,O006-C140-CMP-MS12,local
O006-C140-CMP-MS12-P04,belongs_to,O006-C140-CMP-MS12,local
O006-C140-CMP-MS12-P04-ANS,belongs_to,O006-C140-CMP-MS12,local
O006-C140-CMP-MS12-P04-H01,belongs_to,O006-C140-CMP-MS12,local
O006-C140-CMP-MS12-P04-H02,belongs_to,O006-C140-CMP-MS12,local
O006-C140-CMP-MS12-P04-SOL,belongs_to,O006-C140-CMP-MS12,local
O006-C140-CMP-MS12-P05,belongs_to,O006-C140-CMP-MS12,local
O006-C140-CMP-MS12-P05-ANS,belongs_to,O006-C140-CMP-MS12,local
O006-C140-CMP-MS12-P05-H01,belongs_to,O006-C140-CMP-MS12,local
O006-C140-CMP-MS12-P05-H02,belongs_to,O006-C140-CMP-MS12,local
O006-C140-CMP-MS12-P05-SOL,belongs_to,O006-C140-CMP-MS12,local
O006-C140-CMP-MS12-P06,belongs_to,O006-C140-CMP-MS12,local
O006-C140-CMP-MS12-P06-ANS,belongs_to,O006-C140-CMP-MS12,local
O006-C140-CMP-MS12-P06-H01,belongs_to,O006-C140-CMP-MS12,local
O006-C140-CMP-MS12-P06-H02,belongs_to,O006-C140-CMP-MS12,local
O006-C140-CMP-MS12-P06-SOL,belongs_to,O006-C140-CMP-MS12,local
O006-C140-CMP-MS12-P07,belongs_to,O006-C140-CMP-MS12,local
O006-C140-CMP-MS12-P07-ANS,belongs_to,O006-C140-CMP-MS12,local
O006-C140-CMP-MS12-P07-H01,belongs_to,O006-C140-CMP-MS12,local
O006-C140-CMP-MS12-P07-H02,belongs_to,O006-C140-CMP-MS12,local
O006-C140-CMP-MS12-P07-SOL,belongs_to,O006-C140-CMP-MS12,local
O006-C140-CMP-MS12-P08,belongs_to,O006-C140-CMP-MS12,local
O006-C140-CMP-MS12-P08-ANS,belongs_to,O006-C140-CMP-MS12,local
O006-C140-CMP-MS12-P08-H01,belongs_to,O006-C140-CMP-MS12,local
O006-C140-CMP-MS12-P08-H02,belongs_to,O006-C140-CMP-MS12,local
O006-C140-CMP-MS12-P08-SOL,belongs_to,O006-C140-CMP-MS12,local
O006-C140-CMP-MS12-SEC01,belongs_to,O006-C140-CMP-MS12,local
O006-C140-CMP-MS12-SEC02,belongs_to,O006-C140-CMP-MS12,local
O006-C140-CMP-SIM001,references,O006-C140-CMP-D001,local
O006-C140-CMP-SIM001,references,O006-C140-CMP-D002,local
O006-C140-CMP-SIM001,references,O006-C140-CMP-D004,local
O006-C140-CMP-SIM001,tests,O006-C140-CMP-D001,local
O006-C140-CMP-SIM001,tests,O006-C140-CMP-D002,local
O006-C140-CMP-SIM001,tests,O006-C140-CMP-D004,local
O006-C140-CMP-SIM001-ASSET-NORMAL-LOCATION-CSV,generated_by,O006-C140-CMP-SIM001,local
O006-C140-CMP-SIM001-ASSET-NORMAL-LOCATION-SVG,generated_by,O006-C140-CMP-SIM001,local
O006-C140-CMP-SIM001-SEC001,belongs_to,O006-C140-CMP-SIM001,local
O006-C140-CMP-SIM001-SEC002,belongs_to,O006-C140-CMP-SIM001,local
O006-C140-CMP-SIM001-SIM001,belongs_to,O006-C140-CMP-SIM001,local
O006-C140-CMP-SIM002,references,O006-C140-CMP-D003,local
O006-C140-CMP-SIM002,references,O006-C140-CMP-D004,local
O006-C140-CMP-SIM002,tests,O006-C140-CMP-D003,local
O006-C140-CMP-SIM002,tests,O006-C140-CMP-D004,local
O006-C140-CMP-SIM002-ASSET-DELTA-BOUNDARY-CSV,generated_by,O006-C140-CMP-SIM002,local
O006-C140-CMP-SIM002-ASSET-DELTA-BOUNDARY-SVG,generated_by,O006-C140-CMP-SIM002,local
O006-C140-CMP-SIM002-REM001,belongs_to,O006-C140-CMP-SIM002,local
O006-C140-CMP-SIM002-SEC001,belongs_to,O006-C140-CMP-SIM002,local
O006-C140-CMP-SIM002-SIM001,belongs_to,O006-C140-CMP-SIM002,local
O006-C140-CMP-SIM003,references,O006-C140-CMP-D005,local
O006-C140-CMP-SIM003,tests,O006-C140-CMP-D005,local
O006-C140-CMP-SIM003-ASSET-UNIFORM-ENDPOINT-CSV,generated_by,O006-C140-CMP-SIM003,local
O006-C140-CMP-SIM003-ASSET-UNIFORM-ENDPOINT-SVG,generated_by,O006-C140-CMP-SIM003,local
O006-C140-CMP-SIM003-CTR001,belongs_to,O006-C140-CMP-SIM003,local
O006-C140-CMP-SIM003-SEC001,belongs_to,O006-C140-CMP-SIM003,local
O006-C140-CMP-SIM003-SIM001,belongs_to,O006-C140-CMP-SIM003,local
O006-C140-CMP-SIM004,references,O006-C140-CMP-D006,local
O006-C140-CMP-SIM004,tests,O006-C140-CMP-D006,local
O006-C140-CMP-SIM004-ALG001,belongs_to,O006-C140-CMP-SIM004,local
O006-C140-CMP-SIM004-ASSET-NEYMAN-PEARSON-POWER-CSV,generated_by,O006-C140-CMP-SIM004,local
O006-C140-CMP-SIM004-ASSET-NEYMAN-PEARSON-POWER-SVG,generated_by,O006-C140-CMP-SIM004,local
O006-C140-CMP-SIM004-ASSET-NEYMAN-PEARSON-SUMMARY-CSV,generated_by,O006-C140-CMP-SIM004,local
O006-C140-CMP-SIM004-SEC001,belongs_to,O006-C140-CMP-SIM004,local
O006-C140-CMP-SIM004-SIM001,belongs_to,O006-C140-CMP-SIM004,local
O006-C140-CMP-SIM005,references,O006-C140-CMP-D010,local
O006-C140-CMP-SIM005,references,O006-C140-CMP-D011-THM03,local
O006-C140-CMP-SIM005,references,O006-C140-CMP-D011-THM05,local
O006-C140-CMP-SIM005,supports,O006-C140-CMP-MS12,local
O006-C140-CMP-SIM005,tests,O006-C140-CMP-D009,local
O006-C140-CMP-SIM005,tests,O006-C140-CMP-D010,local
O006-C140-CMP-SIM005,tests,O006-C140-CMP-D011,local
O006-C140-CMP-SIM005-ASSET-MATRIX-REGRESSION-COVERAGE-CSV,generated_by,O006-C140-CMP-SIM005,local
O006-C140-CMP-SIM005-ASSET-MATRIX-REGRESSION-COVERAGE-SVG,generated_by,O006-C140-CMP-SIM005,local
O006-C140-CMP-SIM005-ASSET-MATRIX-REGRESSION-INFLUENCE-CSV,generated_by,O006-C140-CMP-SIM005,local
O006-C140-CMP-SIM005-REM01,belongs_to,O006-C140-CMP-SIM005,local
O006-C140-CMP-SIM005-SEC01,belongs_to,O006-C140-CMP-SIM005,local
O006-C140-CMP-SIM005-SEC02,belongs_to,O006-C140-CMP-SIM005,local
O006-C140-CMP-SIM005-SEC03,belongs_to,O006-C140-CMP-SIM005,local
O006-C140-CMP-SIM005-SEC04,belongs_to,O006-C140-CMP-SIM005,local
