record_type,sensitivity_type,scenario_id,prior_id,kappa,denominator_id,target_id,target_label,estimand_id,contrast_id,posterior_mean,posterior_median,credible_low_95,credible_high_95,prob_gt_threshold,bayes_action,log_bf10,bf10,prior_odds_10,posterior_odds_10,exact_conditional_p,observed_rate,delta_posterior_mean,abs_delta_posterior_mean,delta_observed_rate,abs_delta_observed_rate,delta_log_bf10,delta_primary_target,delta_from_primary,decision_changed,moment_status,defined_status,status,reason
cell,prior,prior_kappa_1,beta_0p5_0p5,1,primary_conservative_method_1,CP02-VHF-2015,VHF — 2015,cell_probability_primary,,0.96875,,0.848183337885603,0.999967805855676,0.999995783309969,1,-13.6348602739367,1.19799614763874e-06,1,1.19799614763874e-06,0.260769262039784,1,0.0740131578947368,0.0740131578947368,0,0,18.4702354525352,,0.0740131578947368,false,finite,defined,ok_conditional,Proper symmetric prior sensitivity with the same primary estimand.
cell,prior,prior_kappa_1,beta_0p5_0p5,1,primary_conservative_method_1,CP02-VHF-2016,VHF — 2016,cell_probability_primary,,0.984848484848485,,0.925072236570717,0.999984774695675,0.999999999977375,1,-13.6348602739367,1.19799614763874e-06,1,1.19799614763874e-06,0.260769262039784,1,0.0404040404040404,0.0404040404040404,0,0,18.4702354525352,,0.0404040404040404,false,finite,defined,ok_conditional,Proper symmetric prior sensitivity with the same primary estimand.
cell,prior,prior_kappa_1,beta_0p5_0p5,1,primary_conservative_method_1,CP02-VHF-2017,VHF — 2017,cell_probability_primary,,0.975,,0.877690595680087,0.999974494187374,0.999999763400534,1,-13.6348602739367,1.19799614763874e-06,1,1.19799614763874e-06,0.260769262039784,1,0.0619565217391305,0.0619565217391305,0,0,18.4702354525352,,0.0619565217391305,false,finite,defined,ok_conditional,Proper symmetric prior sensitivity with the same primary estimand.
cell,prior,prior_kappa_1,beta_0p5_0p5,1,primary_conservative_method_1,CP02-VHF-2018,VHF — 2018,cell_probability_primary,,0.980769230769231,,0.905317235890417,0.999980554229102,0.999999996745957,1,-13.6348602739367,1.19799614763874e-06,1,1.19799614763874e-06,0.260769262039784,1,0.0497347480106101,0.0497347480106101,0,0,18.4702354525352,,0.0497347480106101,false,finite,defined,ok_conditional,Proper symmetric prior sensitivity with the same primary estimand.
cell,prior,prior_kappa_1,beta_0p5_0p5,1,primary_conservative_method_1,CP02-VHF-2019,VHF — 2019,cell_probability_primary,,0.907407407407407,,0.775415535305209,0.983668864752828,0.999998447722698,1,-13.6348602739367,1.19799614763874e-06,1,1.19799614763874e-06,0.260769262039784,0.923076923076923,0.0407407407407407,0.0407407407407407,0,0,18.4702354525352,,0.0407407407407407,false,finite,defined,ok_conditional,Proper symmetric prior sensitivity with the same primary estimand.
cell,prior,prior_kappa_1,beta_0p5_0p5,1,primary_conservative_method_1,CP02-PTT-2019,PTT — 2019,cell_probability_primary,,0.921052631578947,,0.768388191510474,0.993938655834673,0.999981125521873,1,-13.6348602739367,1.19799614763874e-06,1,1.19799614763874e-06,0.260769262039784,0.944444444444444,0.0574162679425837,0.0574162679425837,0,0,18.4702354525352,,0.0574162679425837,false,finite,defined,ok_conditional,Proper symmetric prior sensitivity with the same primary estimand.
cell,prior,prior_kappa_1,beta_0p5_0p5,1,primary_conservative_method_1,CP02-VHF-2020,VHF — 2020,cell_probability_primary,,0.98,,0.90161239561413,0.999979752433282,0.99999999336627,1,-13.6348602739367,1.19799614763874e-06,1,1.19799614763874e-06,0.260769262039784,1,0.0514285714285714,0.0514285714285714,0,0,18.4702354525352,,0.0514285714285714,false,finite,defined,ok_conditional,Proper symmetric prior sensitivity with the same primary estimand.
cell,prior,prior_kappa_1,beta_0p5_0p5,1,primary_conservative_method_1,CP02-PTT-2020,PTT — 2020,cell_probability_primary,,0.931818181818182,,0.798244031678316,0.994812956892098,0.999997463135851,1,-13.6348602739367,1.19799614763874e-06,1,1.19799614763874e-06,0.260769262039784,0.952380952380952,0.0518181818181818,0.0518181818181818,0,0,18.4702354525352,,0.0518181818181818,false,finite,defined,ok_conditional,Proper symmetric prior sensitivity with the same primary estimand.
cell,prior,prior_kappa_1,beta_0p5_0p5,1,primary_conservative_method_1,CP02-VHF-2021,VHF — 2021,cell_probability_primary,,0.911764705882353,,0.743078570114226,0.993171277944113,0.999928541528703,1,-13.6348602739367,1.19799614763874e-06,1,1.19799614763874e-06,0.260769262039784,0.9375,0.0617647058823529,0.0617647058823529,0,0,18.4702354525352,,0.0617647058823529,false,finite,defined,ok_conditional,Proper symmetric prior sensitivity with the same primary estimand.
cell,prior,prior_kappa_1,beta_0p5_0p5,1,primary_conservative_method_1,CP02-PTT-2021,PTT — 2021,cell_probability_primary,,0.880952380952381,,0.716146742695748,0.978627511977525,0.999932087192242,1,-13.6348602739367,1.19799614763874e-06,1,1.19799614763874e-06,0.260769262039784,0.9,0.0476190476190476,0.0476190476190476,0,0,18.4702354525352,,0.0476190476190476,false,finite,defined,ok_conditional,Proper symmetric prior sensitivity with the same primary estimand.
cell,prior,prior_kappa_1,beta_0p5_0p5,1,primary_conservative_method_1,CP02-VHF-2022,VHF — 2022,cell_probability_primary,,0.961538461538462,,0.814694061687515,0.999959924689923,0.999962728925186,1,-13.6348602739367,1.19799614763874e-06,1,1.19799614763874e-06,0.260769262039784,1,0.0865384615384616,0.0865384615384616,0,0,18.4702354525352,,0.0865384615384616,false,finite,defined,ok_conditional,Proper symmetric prior sensitivity with the same primary estimand.
cell,prior,prior_kappa_1,beta_0p5_0p5,1,primary_conservative_method_1,CP02-PTT-2022,PTT — 2022,cell_probability_primary,,0.98,,0.90161239561413,0.999979752433282,0.99999999336627,1,-13.6348602739367,1.19799614763874e-06,1,1.19799614763874e-06,0.260769262039784,1,0.0514285714285714,0.0514285714285714,0,0,18.4702354525352,,0.0514285714285714,false,finite,defined,ok_conditional,Proper symmetric prior sensitivity with the same primary estimand.
model,bf_prior_scale,prior_kappa_1,beta_0p5_0p5,1,primary_conservative_method_1,M1_over_M0,M1 over M0,model_evidence_ratio,,,,,,,,-13.6348602739367,1.19799614763874e-06,1,1.19799614763874e-06,,,,,,,18.4702354525352,,18.4702354525352,false,finite,defined,ok_conditional,"M0 and all M1 cells use the same proper Beta(kappa/2,kappa/2) prior."
cell,prior,prior_kappa_2,beta_1_1,2,primary_conservative_method_1,CP02-VHF-2015,VHF — 2015,cell_probability_primary,,0.941176470588235,,0.794092785792177,0.998418888277234,0.999984741210938,1,-20.8428397677803,8.87298406683004e-10,1,8.87298406683004e-10,0.260769262039784,1,0.0464396284829721,0.0464396284829721,0,0,11.2622559586915,,0.0464396284829721,false,finite,defined,ok_conditional,Proper symmetric prior sensitivity with the same primary estimand.
cell,prior,prior_kappa_2,beta_1_1,2,primary_conservative_method_1,CP02-VHF-2016,VHF — 2016,cell_probability_primary,,0.970588235294118,,0.89423718992542,0.999233087924952,0.999999999883585,1,-20.8428397677803,8.87298406683004e-10,1,8.87298406683004e-10,0.260769262039784,1,0.0261437908496732,0.0261437908496732,0,0,11.2622559586915,,0.0261437908496732,false,finite,defined,ok_conditional,Proper symmetric prior sensitivity with the same primary estimand.
cell,prior,prior_kappa_2,beta_1_1,2,primary_conservative_method_1,CP02-VHF-2017,VHF — 2017,cell_probability_primary,,0.952380952380952,,0.831566529016915,0.99873491050205,0.999999046325684,1,-20.8428397677803,8.87298406683004e-10,1,8.87298406683004e-10,0.260769262039784,1,0.0393374741200828,0.0393374741200828,0,0,11.2622559586915,,0.0393374741200828,false,finite,defined,ok_conditional,Proper symmetric prior sensitivity with the same primary estimand.
cell,prior,prior_kappa_2,beta_1_1,2,primary_conservative_method_1,CP02-VHF-2018,VHF — 2018,cell_probability_primary,,0.962962962962963,,0.867725395502245,0.999026712106665,0.999999985098839,1,-20.8428397677803,8.87298406683004e-10,1,8.87298406683004e-10,0.260769262039784,1,0.0319284802043422,0.0319284802043422,0,0,11.2622559586915,,0.0319284802043422,false,finite,defined,ok_conditional,Proper symmetric prior sensitivity with the same primary estimand.
cell,prior,prior_kappa_2,beta_1_1,2,primary_conservative_method_1,CP02-VHF-2019,VHF — 2019,cell_probability_primary,,0.892857142857143,,0.757101653154373,0.976472545619146,0.999997176229954,1,-20.8428397677803,8.87298406683004e-10,1,8.87298406683004e-10,0.260769262039784,0.923076923076923,0.0261904761904762,0.0261904761904762,0,0,11.2622559586915,,0.0261904761904762,false,finite,defined,ok_conditional,Proper symmetric prior sensitivity with the same primary estimand.
cell,prior,prior_kappa_2,beta_1_1,2,primary_conservative_method_1,CP02-PTT-2019,PTT — 2019,cell_probability_primary,,0.9,,0.739719345804786,0.986987835628222,0.999961853027344,1,-20.8428397677803,8.87298406683004e-10,1,8.87298406683004e-10,0.260769262039784,0.944444444444444,0.0363636363636364,0.0363636363636364,0,0,11.2622559586915,,0.0363636363636364,false,finite,defined,ok_conditional,Proper symmetric prior sensitivity with the same primary estimand.
cell,prior,prior_kappa_2,beta_1_1,2,primary_conservative_method_1,CP02-VHF-2020,VHF — 2020,cell_probability_primary,,0.961538461538462,,0.862814828469288,0.998987800300689,0.999999970197678,1,-20.8428397677803,8.87298406683004e-10,1,8.87298406683004e-10,0.260769262039784,1,0.032967032967033,0.032967032967033,0,0,11.2622559586915,,0.032967032967033,false,finite,defined,ok_conditional,Proper symmetric prior sensitivity with the same primary estimand.
cell,prior,prior_kappa_2,beta_1_1,2,primary_conservative_method_1,CP02-PTT-2020,PTT — 2020,cell_probability_primary,,0.91304347826087,,0.771555602332367,0.988794413975849,0.999994516372681,1,-20.8428397677803,8.87298406683004e-10,1,8.87298406683004e-10,0.260769262039784,0.952380952380952,0.0330434782608695,0.0330434782608695,0,0,11.2622559586915,,0.0330434782608695,false,finite,defined,ok_conditional,Proper symmetric prior sensitivity with the same primary estimand.
cell,prior,prior_kappa_2,beta_1_1,2,primary_conservative_method_1,CP02-VHF-2021,VHF — 2021,cell_probability_primary,,0.888888888888889,,0.713110603332779,0.985420683159697,0.999862670898438,1,-20.8428397677803,8.87298406683004e-10,1,8.87298406683004e-10,0.260769262039784,0.9375,0.0388888888888889,0.0388888888888889,0,0,11.2622559586915,,0.0388888888888889,false,finite,defined,ok_conditional,Proper symmetric prior sensitivity with the same primary estimand.
cell,prior,prior_kappa_2,beta_1_1,2,primary_conservative_method_1,CP02-PTT-2021,PTT — 2021,cell_probability_primary,,0.863636363636364,,0.696225593086076,0.969511032378484,0.999889373779297,1,-20.8428397677803,8.87298406683004e-10,1,8.87298406683004e-10,0.260769262039784,0.9,0.0303030303030303,0.0303030303030303,0,0,11.2622559586915,,0.0303030303030303,false,finite,defined,ok_conditional,Proper symmetric prior sensitivity with the same primary estimand.
cell,prior,prior_kappa_2,beta_1_1,2,primary_conservative_method_1,CP02-VHF-2022,VHF — 2022,cell_probability_primary,,0.928571428571429,,0.752947361999529,0.998054371502653,0.9998779296875,1,-20.8428397677803,8.87298406683004e-10,1,8.87298406683004e-10,0.260769262039784,1,0.0535714285714286,0.0535714285714286,0,0,11.2622559586915,,0.0535714285714286,false,finite,defined,ok_conditional,Proper symmetric prior sensitivity with the same primary estimand.
cell,prior,prior_kappa_2,beta_1_1,2,primary_conservative_method_1,CP02-PTT-2022,PTT — 2022,cell_probability_primary,,0.961538461538462,,0.862814828469288,0.998987800300689,0.999999970197678,1,-20.8428397677803,8.87298406683004e-10,1,8.87298406683004e-10,0.260769262039784,1,0.032967032967033,0.032967032967033,0,0,11.2622559586915,,0.032967032967033,false,finite,defined,ok_conditional,Proper symmetric prior sensitivity with the same primary estimand.
model,bf_prior_scale,prior_kappa_2,beta_1_1,2,primary_conservative_method_1,M1_over_M0,M1 over M0,model_evidence_ratio,,,,,,,,-20.8428397677803,8.87298406683004e-10,1,8.87298406683004e-10,,,,,,,11.2622559586915,,11.2622559586915,false,finite,defined,ok_conditional,"M0 and all M1 cells use the same proper Beta(kappa/2,kappa/2) prior."
cell,prior,primary,beta_2_2,4,primary_conservative_method_1,CP02-VHF-2015,VHF — 2015,cell_probability_primary,,0.894736842105263,,0.727056400326632,0.986248784335636,0.999927520751953,1,-32.1050957264718,1.14007673944654e-14,1,1.14007673944654e-14,0.260769262039784,1,0,0,0,0,0,,0,false,finite,defined,ok_conditional,Proper symmetric prior sensitivity with the same primary estimand.
cell,prior,primary,beta_2_2,4,primary_conservative_method_1,CP02-VHF-2016,VHF — 2016,cell_probability_primary,,0.944444444444444,,0.850827920343568,0.993003236371691,0.999999998952262,1,-32.1050957264718,1.14007673944654e-14,1,1.14007673944654e-14,0.260769262039784,1,0,0,0,0,0,,0,false,finite,defined,ok_conditional,Proper symmetric prior sensitivity with the same primary estimand.
cell,prior,primary,beta_2_2,4,primary_conservative_method_1,CP02-VHF-2017,VHF — 2017,cell_probability_primary,,0.91304347826087,,0.771555602332367,0.988794413975849,0.999994516372681,1,-32.1050957264718,1.14007673944654e-14,1,1.14007673944654e-14,0.260769262039784,1,0,0,0,0,0,,0,false,finite,defined,ok_conditional,Proper symmetric prior sensitivity with the same primary estimand.
cell,prior,primary,beta_2_2,4,primary_conservative_method_1,CP02-VHF-2018,VHF — 2018,cell_probability_primary,,0.931034482758621,,0.816522402455377,0.991229503296473,0.999999891966581,1,-32.1050957264718,1.14007673944654e-14,1,1.14007673944654e-14,0.260769262039784,1,0,0,0,0,0,,0,false,finite,defined,ok_conditional,Proper symmetric prior sensitivity with the same primary estimand.
cell,prior,primary,beta_2_2,4,primary_conservative_method_1,CP02-VHF-2019,VHF — 2019,cell_probability_primary,,0.866666666666667,,0.726484802107577,0.961105168704561,0.99999238178134,1,-32.1050957264718,1.14007673944654e-14,1,1.14007673944654e-14,0.260769262039784,0.923076923076923,0,0,0,0,0,,0,false,finite,defined,ok_conditional,Proper symmetric prior sensitivity with the same primary estimand.
cell,prior,primary,beta_2_2,4,primary_conservative_method_1,CP02-PTT-2019,PTT — 2019,cell_probability_primary,,0.863636363636364,,0.696225593086076,0.969511032378484,0.999889373779297,1,-32.1050957264718,1.14007673944654e-14,1,1.14007673944654e-14,0.260769262039784,0.944444444444444,0,0,0,0,0,,0,false,finite,defined,ok_conditional,Proper symmetric prior sensitivity with the same primary estimand.
cell,prior,primary,beta_2_2,4,primary_conservative_method_1,CP02-VHF-2020,VHF — 2020,cell_probability_primary,,0.928571428571429,,0.810294382586955,0.990899927057694,0.999999791383743,1,-32.1050957264718,1.14007673944654e-14,1,1.14007673944654e-14,0.260769262039784,1,0,0,0,0,0,,0,false,finite,defined,ok_conditional,Proper symmetric prior sensitivity with the same primary estimand.
cell,prior,primary,beta_2_2,4,primary_conservative_method_1,CP02-PTT-2020,PTT — 2020,cell_probability_primary,,0.88,,0.730027198442396,0.973440685013751,0.999982059001923,1,-32.1050957264718,1.14007673944654e-14,1,1.14007673944654e-14,0.260769262039784,0.952380952380952,0,0,0,0,0,,0,false,finite,defined,ok_conditional,Proper symmetric prior sensitivity with the same primary estimand.
cell,prior,primary,beta_2_2,4,primary_conservative_method_1,CP02-VHF-2021,VHF — 2021,cell_probability_primary,,0.85,,0.668623335543234,0.966173750998235,0.999635696411133,1,-32.1050957264718,1.14007673944654e-14,1,1.14007673944654e-14,0.260769262039784,0.9375,0,0,0,0,0,,0,false,finite,defined,ok_conditional,Proper symmetric prior sensitivity with the same primary estimand.
cell,prior,primary,beta_2_2,4,primary_conservative_method_1,CP02-PTT-2021,PTT — 2021,cell_probability_primary,,0.833333333333333,,0.664110862462879,0.950492354694207,0.999755859375,1,-32.1050957264718,1.14007673944654e-14,1,1.14007673944654e-14,0.260769262039784,0.9,0,0,0,0,0,,0,false,finite,defined,ok_conditional,Proper symmetric prior sensitivity with the same primary estimand.
cell,prior,primary,beta_2_2,4,primary_conservative_method_1,CP02-VHF-2022,VHF — 2022,cell_probability_primary,,0.875,,0.680515433421697,0.983424086559916,0.99951171875,1,-32.1050957264718,1.14007673944654e-14,1,1.14007673944654e-14,0.260769262039784,1,0,0,0,0,0,,0,false,finite,defined,ok_conditional,Proper symmetric prior sensitivity with the same primary estimand.
cell,prior,primary,beta_2_2,4,primary_conservative_method_1,CP02-PTT-2022,PTT — 2022,cell_probability_primary,,0.928571428571429,,0.810294382586955,0.990899927057694,0.999999791383743,1,-32.1050957264718,1.14007673944654e-14,1,1.14007673944654e-14,0.260769262039784,1,0,0,0,0,0,,0,false,finite,defined,ok_conditional,Proper symmetric prior sensitivity with the same primary estimand.
model,bf_prior_scale,primary,beta_2_2,4,primary_conservative_method_1,M1_over_M0,M1 over M0,model_evidence_ratio,,,,,,,,-32.1050957264718,1.14007673944654e-14,1,1.14007673944654e-14,,,,,,,0,,0,false,finite,defined,ok_conditional,"M0 and all M1 cells use the same proper Beta(kappa/2,kappa/2) prior."
cell,prior,prior_kappa_8,beta_4_4,8,primary_conservative_method_1,CP02-VHF-2015,VHF — 2015,cell_probability_primary,,0.826086956521739,,0.650877902742592,0.948132700687563,0.999572277069092,1,-46.5617153406136,6.00487483746472e-21,1,6.00487483746472e-21,0.260769262039784,1,-0.068649885583524,0.068649885583524,0,0,-14.4566196141417,,-0.068649885583524,false,finite,defined,ok_conditional,Proper symmetric prior sensitivity with the same primary estimand.
cell,prior,prior_kappa_8,beta_4_4,8,primary_conservative_method_1,CP02-VHF-2016,VHF — 2016,cell_probability_primary,,0.9,,0.791298078773557,0.971339894873904,0.999999981955625,1,-46.5617153406136,6.00487483746472e-21,1,6.00487483746472e-21,0.260769262039784,1,-0.0444444444444444,0.0444444444444444,0,0,-14.4566196141417,,-0.0444444444444444,false,finite,defined,ok_conditional,Proper symmetric prior sensitivity with the same primary estimand.
cell,prior,prior_kappa_8,beta_4_4,8,primary_conservative_method_1,CP02-VHF-2017,VHF — 2017,cell_probability_primary,,0.851851851851852,,0.698459599892432,0.956436523461076,0.999956011772156,1,-46.5617153406136,6.00487483746472e-21,1,6.00487483746472e-21,0.260769262039784,1,-0.0611916264090177,0.0611916264090177,0,0,-14.4566196141417,,-0.0611916264090177,false,finite,defined,ok_conditional,Proper symmetric prior sensitivity with the same primary estimand.
cell,prior,prior_kappa_8,beta_4_4,8,primary_conservative_method_1,CP02-VHF-2018,VHF — 2018,cell_probability_primary,,0.878787878787879,,0.749773049316205,0.964869346896688,0.999998721992597,1,-46.5617153406136,6.00487483746472e-21,1,6.00487483746472e-21,0.260769262039784,1,-0.0522466039707419,0.0522466039707419,0,0,-14.4566196141417,,-0.0522466039707419,false,finite,defined,ok_conditional,Proper symmetric prior sensitivity with the same primary estimand.
cell,prior,prior_kappa_8,beta_4_4,8,primary_conservative_method_1,CP02-VHF-2019,VHF — 2019,cell_probability_primary,,0.823529411764706,,0.681010180289564,0.93021211633369,0.999966906150803,1,-46.5617153406136,6.00487483746472e-21,1,6.00487483746472e-21,0.260769262039784,0.923076923076923,-0.0431372549019609,0.0431372549019609,0,0,-14.4566196141417,,-0.0431372549019609,false,finite,defined,ok_conditional,Proper symmetric prior sensitivity with the same primary estimand.
cell,prior,prior_kappa_8,beta_4_4,8,primary_conservative_method_1,CP02-PTT-2019,PTT — 2019,cell_probability_primary,,0.807692307692308,,0.639171545540728,0.931688535987516,0.999544739723206,1,-46.5617153406136,6.00487483746472e-21,1,6.00487483746472e-21,0.260769262039784,0.944444444444444,-0.0559440559440559,0.0559440559440559,0,0,-14.4566196141417,,-0.0559440559440559,false,finite,defined,ok_conditional,Proper symmetric prior sensitivity with the same primary estimand.
cell,prior,prior_kappa_8,beta_4_4,8,primary_conservative_method_1,CP02-VHF-2020,VHF — 2020,cell_probability_primary,,0.875,,0.742460935372265,0.963698338020791,0.999997675418854,1,-46.5617153406136,6.00487483746472e-21,1,6.00487483746472e-21,0.260769262039784,1,-0.0535714285714286,0.0535714285714286,0,0,-14.4566196141417,,-0.0535714285714286,false,finite,defined,ok_conditional,Proper symmetric prior sensitivity with the same primary estimand.
cell,prior,prior_kappa_8,beta_4_4,8,primary_conservative_method_1,CP02-PTT-2020,PTT — 2020,cell_probability_primary,,0.827586206896552,,0.673347330684205,0.939357091180792,0.99991000443697,1,-46.5617153406136,6.00487483746472e-21,1,6.00487483746472e-21,0.260769262039784,0.952380952380952,-0.0524137931034483,0.0524137931034483,0,0,-14.4566196141417,,-0.0524137931034483,false,finite,defined,ok_conditional,Proper symmetric prior sensitivity with the same primary estimand.
cell,prior,prior_kappa_8,beta_4_4,8,primary_conservative_method_1,CP02-VHF-2021,VHF — 2021,cell_probability_primary,,0.791666666666667,,0.612188110045202,0.925396592351196,0.998700261116028,1,-46.5617153406136,6.00487483746472e-21,1,6.00487483746472e-21,0.260769262039784,0.9375,-0.0583333333333333,0.0583333333333333,0,0,-14.4566196141417,,-0.0583333333333333,false,finite,defined,ok_conditional,Proper symmetric prior sensitivity with the same primary estimand.
cell,prior,prior_kappa_8,beta_4_4,8,primary_conservative_method_1,CP02-PTT-2021,PTT — 2021,cell_probability_primary,,0.785714285714286,,0.619170120906005,0.913783060052433,0.999243140220642,1,-46.5617153406136,6.00487483746472e-21,1,6.00487483746472e-21,0.260769262039784,0.9,-0.0476190476190477,0.0476190476190477,0,0,-14.4566196141417,,-0.0476190476190477,false,finite,defined,ok_conditional,Proper symmetric prior sensitivity with the same primary estimand.
cell,prior,prior_kappa_8,beta_4_4,8,primary_conservative_method_1,CP02-VHF-2022,VHF — 2022,cell_probability_primary,,0.8,,0.604215448733326,0.93947546229071,0.997787475585938,1,-46.5617153406136,6.00487483746472e-21,1,6.00487483746472e-21,0.260769262039784,1,-0.075,0.075,0,0,-14.4566196141417,,-0.075,false,finite,defined,ok_conditional,Proper symmetric prior sensitivity with the same primary estimand.
cell,prior,prior_kappa_8,beta_4_4,8,primary_conservative_method_1,CP02-PTT-2022,PTT — 2022,cell_probability_primary,,0.875,,0.742460935372265,0.963698338020791,0.999997675418854,1,-46.5617153406136,6.00487483746472e-21,1,6.00487483746472e-21,0.260769262039784,1,-0.0535714285714286,0.0535714285714286,0,0,-14.4566196141417,,-0.0535714285714286,false,finite,defined,ok_conditional,Proper symmetric prior sensitivity with the same primary estimand.
model,bf_prior_scale,prior_kappa_8,beta_4_4,8,primary_conservative_method_1,M1_over_M0,M1 over M0,model_evidence_ratio,,,,,,,,-46.5617153406136,6.00487483746472e-21,1,6.00487483746472e-21,,,,,,,-14.4566196141417,,-14.4566196141417,false,finite,defined,ok_conditional,"M0 and all M1 cells use the same proper Beta(kappa/2,kappa/2) prior."
cell,prior,prior_kappa_16,beta_8_8,16,primary_conservative_method_1,CP02-VHF-2015,VHF — 2015,cell_probability_primary,,0.741935483870968,,0.57716347702178,0.877205190127645,0.997388560324907,1,-61.2150853734973,2.59792263035696e-27,1,2.59792263035696e-27,0.260769262039784,1,-0.152801358234295,0.152801358234295,0,0,-29.1099896470255,,-0.152801358234295,false,finite,defined,ok_conditional,Proper symmetric prior sensitivity with the same primary estimand.
cell,prior,prior_kappa_16,beta_8_8,16,primary_conservative_method_1,CP02-VHF-2016,VHF — 2016,cell_probability_primary,,0.833333333333333,,0.716942465756703,0.923530521988931,0.999999464544089,1,-61.2150853734973,2.59792263035696e-27,1,2.59792263035696e-27,0.260769262039784,1,-0.111111111111111,0.111111111111111,0,0,-29.1099896470255,,-0.111111111111111,false,finite,defined,ok_conditional,Proper symmetric prior sensitivity with the same primary estimand.
cell,prior,prior_kappa_16,beta_8_8,16,primary_conservative_method_1,CP02-VHF-2017,VHF — 2017,cell_probability_primary,,0.771428571428571,,0.621022251460317,0.892538184224992,0.999589302344248,1,-61.2150853734973,2.59792263035696e-27,1,2.59792263035696e-27,0.260769262039784,1,-0.141614906832298,0.141614906832298,0,0,-29.1099896470255,,-0.141614906832298,false,finite,defined,ok_conditional,Proper symmetric prior sensitivity with the same primary estimand.
cell,prior,prior_kappa_16,beta_8_8,16,primary_conservative_method_1,CP02-VHF-2018,VHF — 2018,cell_probability_primary,,0.804878048780488,,0.672209866638414,0.909477590600009,0.999978861488671,1,-61.2150853734973,2.59792263035696e-27,1,2.59792263035696e-27,0.260769262039784,1,-0.126156433978133,0.126156433978133,0,0,-29.1099896470255,,-0.126156433978133,false,finite,defined,ok_conditional,Proper symmetric prior sensitivity with the same primary estimand.
cell,prior,prior_kappa_16,beta_8_8,16,primary_conservative_method_1,CP02-VHF-2019,VHF — 2019,cell_probability_primary,,0.761904761904762,,0.623862534565998,0.876367511604156,0.999784571478813,1,-61.2150853734973,2.59792263035696e-27,1,2.59792263035696e-27,0.260769262039784,0.923076923076923,-0.104761904761905,0.104761904761905,0,0,-29.1099896470255,,-0.104761904761905,false,finite,defined,ok_conditional,Proper symmetric prior sensitivity with the same primary estimand.
cell,prior,prior_kappa_16,beta_8_8,16,primary_conservative_method_1,CP02-PTT-2019,PTT — 2019,cell_probability_primary,,0.735294117647059,,0.577410682288299,0.867003611289185,0.997724307933822,1,-61.2150853734973,2.59792263035696e-27,1,2.59792263035696e-27,0.260769262039784,0.944444444444444,-0.128342245989305,0.128342245989305,0,0,-29.1099896470255,,-0.128342245989305,false,finite,defined,ok_conditional,Proper symmetric prior sensitivity with the same primary estimand.
cell,prior,prior_kappa_16,beta_8_8,16,primary_conservative_method_1,CP02-VHF-2020,VHF — 2020,cell_probability_primary,,0.8,,0.664650438873069,0.907036072717005,0.999964872607961,1,-61.2150853734973,2.59792263035696e-27,1,2.59792263035696e-27,0.260769262039784,1,-0.128571428571429,0.128571428571429,0,0,-29.1099896470255,,-0.128571428571429,false,finite,defined,ok_conditional,Proper symmetric prior sensitivity with the same primary estimand.
cell,prior,prior_kappa_16,beta_8_8,16,primary_conservative_method_1,CP02-PTT-2020,PTT — 2020,cell_probability_primary,,0.756756756756757,,0.608482350842619,0.878796705876165,0.999403378518764,1,-61.2150853734973,2.59792263035696e-27,1,2.59792263035696e-27,0.260769262039784,0.952380952380952,-0.123243243243243,0.123243243243243,0,0,-29.1099896470255,,-0.123243243243243,false,finite,defined,ok_conditional,Proper symmetric prior sensitivity with the same primary estimand.
cell,prior,prior_kappa_16,beta_8_8,16,primary_conservative_method_1,CP02-VHF-2021,VHF — 2021,cell_probability_primary,,0.71875,,0.553866065665103,0.857771470902475,0.994663079734892,1,-61.2150853734973,2.59792263035696e-27,1,2.59792263035696e-27,0.260769262039784,0.9375,-0.13125,0.13125,0,0,-29.1099896470255,,-0.13125,false,finite,defined,ok_conditional,Proper symmetric prior sensitivity with the same primary estimand.
cell,prior,prior_kappa_16,beta_8_8,16,primary_conservative_method_1,CP02-PTT-2021,PTT — 2021,cell_probability_primary,,0.722222222222222,,0.567441150305962,0.853645254720941,0.997005939716473,1,-61.2150853734973,2.59792263035696e-27,1,2.59792263035696e-27,0.260769262039784,0.9,-0.111111111111111,0.111111111111111,0,0,-29.1099896470255,,-0.111111111111111,false,finite,defined,ok_conditional,Proper symmetric prior sensitivity with the same primary estimand.
cell,prior,prior_kappa_16,beta_8_8,16,primary_conservative_method_1,CP02-VHF-2022,VHF — 2022,cell_probability_primary,,0.714285714285714,,0.537151257723828,0.862473446059421,0.99042135477066,1,-61.2150853734973,2.59792263035696e-27,1,2.59792263035696e-27,0.260769262039784,1,-0.160714285714286,0.160714285714286,0,0,-29.1099896470255,,-0.160714285714286,false,finite,defined,ok_conditional,Proper symmetric prior sensitivity with the same primary estimand.
cell,prior,prior_kappa_16,beta_8_8,16,primary_conservative_method_1,CP02-PTT-2022,PTT — 2022,cell_probability_primary,,0.8,,0.664650438873069,0.907036072717005,0.999964872607961,1,-61.2150853734973,2.59792263035696e-27,1,2.59792263035696e-27,0.260769262039784,1,-0.128571428571429,0.128571428571429,0,0,-29.1099896470255,,-0.128571428571429,false,finite,defined,ok_conditional,Proper symmetric prior sensitivity with the same primary estimand.
model,bf_prior_scale,prior_kappa_16,beta_8_8,16,primary_conservative_method_1,M1_over_M0,M1 over M0,model_evidence_ratio,,,,,,,,-61.2150853734973,2.59792263035696e-27,1,2.59792263035696e-27,,,,,,,-29.1099896470255,,-29.1099896470255,false,finite,defined,ok_conditional,"M0 and all M1 cells use the same proper Beta(kappa/2,kappa/2) prior."
cell,denominator,secondary_liberal,beta_2_2,4,secondary_liberal_method_2,CP02-VHF-2015,VHF — 2015,cell_probability_secondary_distinct_trial_population,,0.894736842105263,,0.727056400326632,0.986248784335636,0.999927520751953,1,-13.5387787378577,1.31881264457146e-06,1,1.31881264457146e-06,0.00550975913124501,1,0,0,0,0,18.5663169886141,,0,false,finite,defined_distinct_estimand,ok_distinct_estimand,The liberal denominator changes the eligible trial population and may change the estimand.
cell,denominator,secondary_liberal,beta_2_2,4,secondary_liberal_method_2,CP02-VHF-2016,VHF — 2016,cell_probability_secondary_distinct_trial_population,,0.944444444444444,,0.850827920343568,0.993003236371691,0.999999998952262,1,-13.5387787378577,1.31881264457146e-06,1,1.31881264457146e-06,0.00550975913124501,1,0,0,0,0,18.5663169886141,,0,false,finite,defined_distinct_estimand,ok_distinct_estimand,The liberal denominator changes the eligible trial population and may change the estimand.
cell,denominator,secondary_liberal,beta_2_2,4,secondary_liberal_method_2,CP02-VHF-2017,VHF — 2017,cell_probability_secondary_distinct_trial_population,,0.807692307692308,,0.639171545540728,0.931688535987516,0.999544739723206,1,-13.5387787378577,1.31881264457146e-06,1,1.31881264457146e-06,0.00550975913124501,0.863636363636364,-0.105351170568562,0.105351170568562,-0.136363636363636,0.136363636363636,18.5663169886141,,-0.105351170568562,false,finite,defined_distinct_estimand,ok_distinct_estimand,The liberal denominator changes the eligible trial population and may change the estimand.
cell,denominator,secondary_liberal,beta_2_2,4,secondary_liberal_method_2,CP02-VHF-2018,VHF — 2018,cell_probability_secondary_distinct_trial_population,,0.870967741935484,,0.734711549525792,0.962446503661637,0.999995784834027,1,-13.5387787378577,1.31881264457146e-06,1,1.31881264457146e-06,0.00550975913124501,0.925925925925926,-0.0600667408231368,0.0600667408231368,-0.0740740740740741,0.0740740740740741,18.5663169886141,,-0.0600667408231368,false,finite,defined_distinct_estimand,ok_distinct_estimand,The liberal denominator changes the eligible trial population and may change the estimand.
cell,denominator,secondary_liberal,beta_2_2,4,secondary_liberal_method_2,CP02-VHF-2019,VHF — 2019,cell_probability_secondary_distinct_trial_population,,0.742857142857143,,0.588292158092833,0.871182608416492,0.99853247217834,1,-13.5387787378577,1.31881264457146e-06,1,1.31881264457146e-06,0.00550975913124501,0.774193548387097,-0.123809523809524,0.123809523809524,-0.148883374689826,0.148883374689826,18.5663169886141,,-0.123809523809524,false,finite,defined_distinct_estimand,ok_distinct_estimand,The liberal denominator changes the eligible trial population and may change the estimand.
cell,denominator,secondary_liberal,beta_2_2,4,secondary_liberal_method_2,CP02-PTT-2019,PTT — 2019,cell_probability_secondary_distinct_trial_population,,0.791666666666667,,0.612188110045202,0.925396592351196,0.998700261116028,1,-13.5387787378577,1.31881264457146e-06,1,1.31881264457146e-06,0.00550975913124501,0.85,-0.071969696969697,0.071969696969697,-0.0944444444444444,0.0944444444444444,18.5663169886141,,-0.071969696969697,false,finite,defined_distinct_estimand,ok_distinct_estimand,The liberal denominator changes the eligible trial population and may change the estimand.
cell,denominator,secondary_liberal,beta_2_2,4,secondary_liberal_method_2,CP02-VHF-2020,VHF — 2020,cell_probability_secondary_distinct_trial_population,,0.866666666666667,,0.726484802107577,0.961105168704561,0.99999238178134,1,-13.5387787378577,1.31881264457146e-06,1,1.31881264457146e-06,0.00550975913124501,0.923076923076923,-0.0619047619047619,0.0619047619047619,-0.0769230769230769,0.0769230769230769,18.5663169886141,,-0.0619047619047619,false,finite,defined_distinct_estimand,ok_distinct_estimand,The liberal denominator changes the eligible trial population and may change the estimand.
cell,denominator,secondary_liberal,beta_2_2,4,secondary_liberal_method_2,CP02-PTT-2020,PTT — 2020,cell_probability_secondary_distinct_trial_population,,0.814814814814815,,0.651321214464638,0.934451891263218,0.999733239412308,1,-13.5387787378577,1.31881264457146e-06,1,1.31881264457146e-06,0.00550975913124501,0.869565217391304,-0.0651851851851852,0.0651851851851852,-0.082815734989648,0.082815734989648,18.5663169886141,,-0.0651851851851852,false,finite,defined_distinct_estimand,ok_distinct_estimand,The liberal denominator changes the eligible trial population and may change the estimand.
cell,denominator,secondary_liberal,beta_2_2,4,secondary_liberal_method_2,CP02-VHF-2021,VHF — 2021,cell_probability_secondary_distinct_trial_population,,0.68,,0.489052186142167,0.843697714290865,0.96804267168045,1,-13.5387787378577,1.31881264457146e-06,1,1.31881264457146e-06,0.00550975913124501,0.714285714285714,-0.17,0.17,-0.223214285714286,0.223214285714286,18.5663169886141,,-0.17,false,finite,defined_distinct_estimand,ok_distinct_estimand,The liberal denominator changes the eligible trial population and may change the estimand.
cell,denominator,secondary_liberal,beta_2_2,4,secondary_liberal_method_2,CP02-PTT-2021,PTT — 2021,cell_probability_secondary_distinct_trial_population,,0.833333333333333,,0.664110862462879,0.950492354694207,0.999755859375,1,-13.5387787378577,1.31881264457146e-06,1,1.31881264457146e-06,0.00550975913124501,0.9,0,0,0,0,18.5663169886141,,0,false,finite,defined_distinct_estimand,ok_distinct_estimand,The liberal denominator changes the eligible trial population and may change the estimand.
cell,denominator,secondary_liberal,beta_2_2,4,secondary_liberal_method_2,CP02-VHF-2022,VHF — 2022,cell_probability_secondary_distinct_trial_population,,0.7,,0.487970654654127,0.874239364127017,0.968215942382812,1,-13.5387787378577,1.31881264457146e-06,1,1.31881264457146e-06,0.00550975913124501,0.75,-0.175,0.175,-0.25,0.25,18.5663169886141,,-0.175,false,finite,defined_distinct_estimand,ok_distinct_estimand,The liberal denominator changes the eligible trial population and may change the estimand.
cell,denominator,secondary_liberal,beta_2_2,4,secondary_liberal_method_2,CP02-PTT-2022,PTT — 2022,cell_probability_secondary_distinct_trial_population,,0.928571428571429,,0.810294382586955,0.990899927057694,0.999999791383743,1,-13.5387787378577,1.31881264457146e-06,1,1.31881264457146e-06,0.00550975913124501,1,0,0,0,0,18.5663169886141,,0,false,finite,defined_distinct_estimand,ok_distinct_estimand,The liberal denominator changes the eligible trial population and may change the estimand.
loo_pooled_mean,leave_one_cell_out,loo_CP02-VHF-2015,beta_2_2,4,primary_conservative_method_1,CP02-VHF-2015,VHF — 2015,pooled_posterior_mean_only,,0.962655601659751,,0.935379007688836,0.982711692854175,1,1,-28.7279227685753,3.33904033331263e-13,1,3.33904033331263e-13,,,,,,,3.37717295789651,-0.00218814834024894,-0.00218814834024894,false,finite,defined,ok_conditional,delta_primary_target is narrowly typed as pooled_posterior_mean; other scales live in CP02_influence.csv.
loo_pooled_mean,leave_one_cell_out,loo_CP02-VHF-2016,beta_2_2,4,primary_conservative_method_1,CP02-VHF-2016,VHF — 2016,pooled_posterior_mean_only,,0.959821428571429,,0.930539340588839,0.981381994884624,1,1,-28.0427268511015,6.62519203469388e-13,1,6.62519203469388e-13,,,,,,,4.06236887537031,-0.0050223214285714,-0.0050223214285714,false,finite,defined,ok_conditional,delta_primary_target is narrowly typed as pooled_posterior_mean; other scales live in CP02_influence.csv.
loo_pooled_mean,leave_one_cell_out,loo_CP02-VHF-2017,beta_2_2,4,primary_conservative_method_1,CP02-VHF-2017,VHF — 2017,pooled_posterior_mean_only,,0.962025316455696,,0.934301932649341,0.982416203369355,1,1,-28.4698116175727,4.32232992496426e-13,1,4.32232992496426e-13,,,,,,,3.63528410889915,-0.00281843354430378,-0.00281843354430378,false,finite,defined,ok_conditional,delta_primary_target is narrowly typed as pooled_posterior_mean; other scales live in CP02_influence.csv.
loo_pooled_mean,leave_one_cell_out,loo_CP02-VHF-2018,beta_2_2,4,primary_conservative_method_1,CP02-VHF-2018,VHF — 2018,pooled_posterior_mean_only,,0.961038961038961,,0.932617289905327,0.981953530286838,1,1,-28.2131864786108,5.58687295214173e-13,1,5.58687295214173e-13,,,,,,,3.89190924786108,-0.00380478896103897,-0.00380478896103897,false,finite,defined,ok_conditional,delta_primary_target is narrowly typed as pooled_posterior_mean; other scales live in CP02_influence.csv.
loo_pooled_mean,leave_one_cell_out,loo_CP02-VHF-2019,beta_2_2,4,primary_conservative_method_1,CP02-VHF-2019,VHF — 2019,pooled_posterior_mean_only,,0.969565217391304,,0.943846963701865,0.9876236319892,1,1,-30.194958579891,7.70009542796926e-14,1,7.70009542796926e-14,,,,,,,1.91013714658079,0.0047214673913043,0.0047214673913043,false,finite,defined,ok_conditional,delta_primary_target is narrowly typed as pooled_posterior_mean; other scales live in CP02_influence.csv.
loo_pooled_mean,leave_one_cell_out,loo_CP02-PTT-2019,beta_2_2,4,primary_conservative_method_1,CP02-PTT-2019,PTT — 2019,pooled_posterior_mean_only,,0.966386554621849,,0.940094302196147,0.985316314331766,1,1,-29.6293959484642,1.35555404554263e-13,1,1.35555404554263e-13,,,,,,,2.47569977800765,0.00154280462184875,0.00154280462184875,false,finite,defined,ok_conditional,delta_primary_target is narrowly typed as pooled_posterior_mean; other scales live in CP02_influence.csv.
loo_pooled_mean,leave_one_cell_out,loo_CP02-VHF-2020,beta_2_2,4,primary_conservative_method_1,CP02-VHF-2020,VHF — 2020,pooled_posterior_mean_only,,0.961206896551724,,0.93290403642341,0.98203232603633,1,1,-28.2475541221147,5.39812724430031e-13,1,5.39812724430031e-13,,,,,,,3.85754160435709,-0.00363685344827591,-0.00363685344827591,false,finite,defined,ok_conditional,delta_primary_target is narrowly typed as pooled_posterior_mean; other scales live in CP02_influence.csv.
loo_pooled_mean,leave_one_cell_out,loo_CP02-PTT-2020,beta_2_2,4,primary_conservative_method_1,CP02-PTT-2020,PTT — 2020,pooled_posterior_mean_only,,0.965957446808511,,0.939338563821732,0.985126605967903,1,1,-29.3129589495877,1.86013163985241e-13,1,1.86013163985241e-13,,,,,,,2.79213677688417,0.00111369680851059,0.00111369680851059,false,finite,defined,ok_conditional,delta_primary_target is narrowly typed as pooled_posterior_mean; other scales live in CP02_influence.csv.
loo_pooled_mean,leave_one_cell_out,loo_CP02-VHF-2021,beta_2_2,4,primary_conservative_method_1,CP02-VHF-2021,VHF — 2021,pooled_posterior_mean_only,,0.966666666666667,,0.940587754628639,0.985440120551411,1,1,-29.8778283516311,1.0573627722155e-13,1,1.0573627722155e-13,,,,,,,2.22726737484069,0.00182291666666667,0.00182291666666667,false,finite,defined,ok_conditional,delta_primary_target is narrowly typed as pooled_posterior_mean; other scales live in CP02_influence.csv.
loo_pooled_mean,leave_one_cell_out,loo_CP02-PTT-2021,beta_2_2,4,primary_conservative_method_1,CP02-PTT-2021,PTT — 2021,pooled_posterior_mean_only,,0.970338983050847,,0.945258973205605,0.987941805170265,1,1,-30.9981703405625,3.44878143482629e-14,1,3.44878143482629e-14,,,,,,,1.10692538590934,0.00549523305084743,0.00549523305084743,false,finite,defined,ok_conditional,delta_primary_target is narrowly typed as pooled_posterior_mean; other scales live in CP02_influence.csv.
loo_pooled_mean,leave_one_cell_out,loo_CP02-VHF-2022,beta_2_2,4,primary_conservative_method_1,CP02-VHF-2022,VHF — 2022,pooled_posterior_mean_only,,0.963114754098361,,0.936163924494632,0.982926873366936,1,1,-28.9907011774122,2.56742905759115e-13,1,2.56742905759115e-13,,,,,,,3.1143945490596,-0.00172899590163933,-0.00172899590163933,false,finite,defined,ok_conditional,delta_primary_target is narrowly typed as pooled_posterior_mean; other scales live in CP02_influence.csv.
loo_pooled_mean,leave_one_cell_out,loo_CP02-PTT-2022,beta_2_2,4,primary_conservative_method_1,CP02-PTT-2022,PTT — 2022,pooled_posterior_mean_only,,0.961206896551724,,0.93290403642341,0.98203232603633,1,1,-28.2475541221147,5.39812724430031e-13,1,5.39812724430031e-13,,,,,,,3.85754160435709,-0.00363685344827591,-0.00363685344827591,false,finite,defined,ok_conditional,delta_primary_target is narrowly typed as pooled_posterior_mean; other scales live in CP02_influence.csv.
