asset_id,source_reference,official_url,local_path,bytes,sha256,media_type,width,height,bit_depth,color_type,last_modified,etag,license,disposition
O006-PSU-013-A0001,Lesson12_files/figure-html/fig-lesson9_1-1.png,https://online.stat.psu.edu/stat415/Lesson12_files/figure-html/fig-lesson9_1-1.png,authority/assets/stat415/lesson12/Lesson12_files/figure-html/fig-lesson9_1-1.png,13405,57bc330a84ba949ab460ce4d50492a3792a20b66cb8c26849cff86372c48a3cc,image/png,1344,960,8,3,"Mon, 24 Aug 2026 15:28:34 GMT","""345d-659cca3a58c80""",CC BY-NC 4.0 except where otherwise noted (page-level witness),freeze-authority; derivative redistribution retains attribution/change notice and per-asset caveat
O006-PSU-013-A0002,Lesson12_files/figure-html/fig-skin-cancer-1.png,https://online.stat.psu.edu/stat415/Lesson12_files/figure-html/fig-skin-cancer-1.png,authority/assets/stat415/lesson12/Lesson12_files/figure-html/fig-skin-cancer-1.png,17916,4d239855552a56a136f002906cd7ed057096b3cb27127ce22d309aa4cdfc71a9,image/png,1344,960,8,3,"Mon, 24 Aug 2026 15:28:34 GMT","""45fc-659cca3a58c80""",CC BY-NC 4.0 except where otherwise noted (page-level witness),freeze-authority; derivative redistribution retains attribution/change notice and per-asset caveat
O006-PSU-013-A0003,Lesson12_files/figure-html/fig-htwt1-1.png,https://online.stat.psu.edu/stat415/Lesson12_files/figure-html/fig-htwt1-1.png,authority/assets/stat415/lesson12/Lesson12_files/figure-html/fig-htwt1-1.png,14851,3bf6c1015f516ec2249e7ac8676cd4258b14db4c5097d2aebc8937eceb16c449,image/png,1344,960,8,3,"Mon, 24 Aug 2026 15:28:34 GMT","""3a03-659cca3a58c80""",CC BY-NC 4.0 except where otherwise noted (page-level witness),freeze-authority; derivative redistribution retains attribution/change notice and per-asset caveat
O006-PSU-013-A0004,Lesson12_files/figure-html/fig-gpavsentrance3-1.png,https://online.stat.psu.edu/stat415/Lesson12_files/figure-html/fig-gpavsentrance3-1.png,authority/assets/stat415/lesson12/Lesson12_files/figure-html/fig-gpavsentrance3-1.png,42716,f2e1adb76725be49ed02f701d798afead28b8b977fafe15f0db55a98b58cd0fb,image/png,1344,960,8,2,"Mon, 24 Aug 2026 15:28:34 GMT","""a6dc-659cca3a58c80""",CC BY-NC 4.0 except where otherwise noted (page-level witness),freeze-authority; derivative redistribution retains attribution/change notice and per-asset caveat
O006-PSU-013-A0005,Lesson12_files/figure-html/fig-samplegpaentrance4-1.png,https://online.stat.psu.edu/stat415/Lesson12_files/figure-html/fig-samplegpaentrance4-1.png,authority/assets/stat415/lesson12/Lesson12_files/figure-html/fig-samplegpaentrance4-1.png,19117,ac3f75e1cff2554fa5b6da07fc00a4d7a92d72cb6e503288c36f018cdda1582c,image/png,1344,960,8,3,"Mon, 24 Aug 2026 15:28:34 GMT","""4aad-659cca3a58c80""",CC BY-NC 4.0 except where otherwise noted (page-level witness),freeze-authority; derivative redistribution retains attribution/change notice and per-asset caveat
O006-PSU-013-A0006,assets/lesson9_11.png,https://online.stat.psu.edu/stat415/assets/lesson9_11.png,authority/assets/stat415/lesson12/assets/lesson9_11.png,72948,91988678ff539a42d6e9e8d24a5710e444e7f40aeb2f132b0b2b6dbdf21b052d,image/png,944,582,8,6,"Fri, 25 Apr 2025 18:21:47 GMT","""11cf4-6339e683de4c0""",CC BY-NC 4.0 except where otherwise noted (page-level witness),freeze-authority; derivative redistribution retains attribution/change notice and per-asset caveat
O006-PSU-013-A0007,Lesson12_files/figure-html/fig-scattertemp-1.png,https://online.stat.psu.edu/stat415/Lesson12_files/figure-html/fig-scattertemp-1.png,authority/assets/stat415/lesson12/Lesson12_files/figure-html/fig-scattertemp-1.png,16153,b20ba0424f94a88a120cbfec3c77a62ff5a1f5bd2339034e449d6272683468af,image/png,1344,960,8,3,"Mon, 24 Aug 2026 15:28:34 GMT","""3f19-659cca3a58c80""",CC BY-NC 4.0 except where otherwise noted (page-level witness),freeze-authority; derivative redistribution retains attribution/change notice and per-asset caveat
O006-PSU-013-A0008,Lesson12_files/figure-html/fig-scattertemp2-1.png,https://online.stat.psu.edu/stat415/Lesson12_files/figure-html/fig-scattertemp2-1.png,authority/assets/stat415/lesson12/Lesson12_files/figure-html/fig-scattertemp2-1.png,17373,fe9f05fdb5d00e24dd20f727b67230385f3b3ecdee954d224488d8cae4ae89bd,image/png,1344,960,8,3,"Mon, 24 Aug 2026 15:28:34 GMT","""43dd-659cca3a58c80""",CC BY-NC 4.0 except where otherwise noted (page-level witness),freeze-authority; derivative redistribution retains attribution/change notice and per-asset caveat
O006-PSU-013-A0009,Lesson12_files/figure-html/fig-iqnormal-1.png,https://online.stat.psu.edu/stat415/Lesson12_files/figure-html/fig-iqnormal-1.png,authority/assets/stat415/lesson12/Lesson12_files/figure-html/fig-iqnormal-1.png,18596,1e1ecda44208f545e38e8298f62c338fe5dbf2af265e7f60db1738903fca67ce,image/png,1344,960,8,3,"Mon, 24 Aug 2026 15:28:34 GMT","""48a4-659cca3a58c80""",CC BY-NC 4.0 except where otherwise noted (page-level witness),freeze-authority; derivative redistribution retains attribution/change notice and per-asset caveat
