source_position,source_name,clean_position,clean_name,role,definition,semantic_type,unit,missing_codes,transform,domain,missing_count,nonfinite_count,unique_count,observed_min,observed_max,canonical_column_sha256
1,Cement,1,cement_kg_per_m3,predictor,mass of cement in one cubic metre of mixture,float64,kg/m^3,NONE_ALLOWED,rename_only;canonical_decimal_serialization,x>=0,0,0,278,102.0,540.0,e7b992261ff83397136c226ec504bac12ed768923d892a3da645a1e95e50b31d
2,Blast Furnace Slag,2,blast_furnace_slag_kg_per_m3,predictor,mass of blast-furnace slag in one cubic metre of mixture,float64,kg/m^3,NONE_ALLOWED,rename_only;canonical_decimal_serialization,x>=0,0,0,185,0.0,359.4,02d617d32e7c15fc12dc5e7396d3f077c17b4fb60cc14e6b2146bfbad4f1c69e
3,Fly Ash,3,fly_ash_kg_per_m3,predictor,mass of fly ash in one cubic metre of mixture,float64,kg/m^3,NONE_ALLOWED,rename_only;canonical_decimal_serialization,x>=0,0,0,156,0.0,200.1,ff011df229c37b3495c00f2897f50728160c529890a19e652b0a88e3598c69db
4,Water,4,water_kg_per_m3,predictor,mass of water in one cubic metre of mixture,float64,kg/m^3,NONE_ALLOWED,rename_only;canonical_decimal_serialization,x>=0,0,0,195,121.8,247.0,812fef16badb439f95af69c4577693b5fbebe3e55c0daef4c7cc0249bb89b36f
5,Superplasticizer,5,superplasticizer_kg_per_m3,predictor,mass of superplasticizer in one cubic metre of mixture,float64,kg/m^3,NONE_ALLOWED,rename_only;canonical_decimal_serialization,x>=0,0,0,111,0.0,32.2,c05fc761cb57c810d8ad1fad076ef01a455443efbbd6f5d2bc7bad52c3a2ddc0
6,Coarse Aggregate,6,coarse_aggregate_kg_per_m3,predictor,mass of coarse aggregate in one cubic metre of mixture,float64,kg/m^3,NONE_ALLOWED,rename_only;canonical_decimal_serialization,x>=0,0,0,284,801.0,1145.0,5d9bddaa9d4935a9649bcb345a05a76a476b339b5e9953d537622b2180e7c3f8
7,Fine Aggregate,7,fine_aggregate_kg_per_m3,predictor,mass of fine aggregate in one cubic metre of mixture,float64,kg/m^3,NONE_ALLOWED,rename_only;canonical_decimal_serialization,x>=0,0,0,302,594.0,992.6,82b56b78093c9f9c533904a7c8fa12eb4b3e04b4940c6bab5e55068d4f156e84
8,Age,8,age_days,predictor,concrete age when compressive strength was tested,int64,day,NONE_ALLOWED,rename_only;canonical_decimal_serialization,integer;x>0,0,0,14,1,365,9a64b2789e18307e2cdb929487f133a23044fc5fbc61a63f39c4d9e1bbed354a
9,Concrete compressive strength,9,compressive_strength_mpa,response,measured concrete compressive strength,float64,MPa,NONE_ALLOWED,rename_only;canonical_decimal_serialization,x>0,0,0,845,2.33,82.60,431e4ea2c2ed00e47f59a89f9cbaa63996f683c8deb7a3d2f65cbb587a06d550
