candidate_id,en_US,id_ID,category,glossary_status,existing_term_id,source_anchor,decision
O006-L01-CAND-0001,"mathematical statistics","statistika matematis","course term","existing exact","O006-TERM-0001","page title","Retain the established field term."
O006-L01-CAND-0002,"order statistics","statistik urutan","core term","primary-field-evidence override","O006-TERM-0030 (stale for PSU)","title; #overview; #the-basics; #probability-density-functions; #summary","Controlling Penn State-component term, supported by the 2025 Jurnal Matematika Integratif article DOI 10.24198/jmi.v21.n1.63667.123-130 and already used by the current PSU reader; statistik terurut remains a legacy alias in the separate Random edition."
O006-L01-CAND-0003,"order statistic","statistik urutan","core term","singular of primary term","O006-TERM-0030 (stale for PSU)","#the-basics; #probability-density-functions","The Indonesian head noun does not change between singular and plural."
O006-L01-CAND-0004,"observed order statistics","statistik urutan yang teramati","core term","new compound","","#exm-rats","Use for realized lowercase values y_i, distinct from random variables Y_i."
O006-L01-CAND-0005,"order of the data","urutan data","core term","new candidate","","#overview; #summary","Use for the arrangement itself, not as a synonym for order statistics."
O006-L01-CAND-0006,"rank","peringkat","core term","new candidate","","#summary","Refers to position in the ordered sample."
O006-L01-CAND-0007,"r-th order statistic","statistik urutan ke-r","core term","compound from primary term","","#objectives; #the-basics; #probability-density-functions","Place ke- before the rank symbol in Indonesian prose; avoid a literal English ordinal suffix."
O006-L01-CAND-0008,"i-th smallest value","nilai terkecil ke-i","core term","new compound","","#summary","Use for the interpretation of Y_i."
O006-L01-CAND-0009,"smallest observation","pengamatan terkecil","core term","new candidate","","#the-basics; #summary","Also usable for the sample minimum when no new symbol is introduced."
O006-L01-CAND-0010,"second smallest observation","pengamatan terkecil kedua","core term","new compound","","#the-basics","Natural Indonesian ordering."
O006-L01-CAND-0011,"next-to-largest observation","pengamatan terbesar kedua","core term","new compound","","#the-basics; #exm-orderstats","Do not translate literally as 'berikutnya menuju terbesar'."
O006-L01-CAND-0012,"largest observation","pengamatan terbesar","core term","new candidate","","#overview; #the-basics; #summary","Also usable for the sample maximum."
O006-L01-CAND-0013,"third largest value","nilai terbesar ketiga","core term","new compound","","#overview","Preserve the distinction from third smallest."
O006-L01-CAND-0014,"percentile","persentil","core term","new candidate","","#overview","Render 80th percentile as persentil ke-80."
O006-L01-CAND-0015,"in increasing numerical order","dalam urutan numerik menaik","core phrase","new candidate","","#exm-rats","Preferred over a literal 'urutan meningkat'."
O006-L01-CAND-0016,"random variable","peubah acak","probability term","existing exact","O006-TERM-0005","#overview; #the-basics; #probability-density-functions","Retain the glossary's peubah, not variabel."
O006-L01-CAND-0017,"random sample","sampel acak","sampling term","existing exact","O006-TERM-0006","#overview; #the-basics; #summary","Established term."
O006-L01-CAND-0018,"simple random sample","sampel acak sederhana","sampling term","new compound","O006-TERM-0006","#summary","Expand simple explicitly."
O006-L01-CAND-0019,"sample size","ukuran sampel","sampling term","new candidate","","#the-basics; #summary","Standard Indonesian statistical usage."
O006-L01-CAND-0020,"observation","pengamatan","sampling term","new candidate","","#the-basics; #probability-density-functions; #summary","Use pengamatan for X_i as a sampled quantity."
O006-L01-CAND-0021,"observed value","nilai pengamatan","sampling term","new compound","","#exm-orderstats","Use for realized lowercase x_i."
O006-L01-CAND-0022,"independent observations","pengamatan yang saling bebas","probability term","compound from existing","O006-TERM-0008","#the-basics; #probability-density-functions","Independence is bebas, not merely terpisah."
O006-L01-CAND-0023,"mutually independent trials","percobaan yang saling bebas","probability term","compound from existing","O006-TERM-0008","#solution-1; #solution-2; #proof","Retain the probabilistic meaning of independence."
O006-L01-CAND-0024,"continuous distribution","distribusi kontinu","distribution term","established in Lesson00","","#the-basics; #probability-density-functions","Match Lesson00."
O006-L01-CAND-0025,"tie (equal observations)","nilai sama (tie)","sampling term","new candidate","","#exm-rats","Introduce the English parenthetical once because tie is common in rank-based methods; thereafter use nilai sama."
O006-L01-CAND-0026,"probability zero","peluang nol","probability term","compound from existing","O006-TERM-0002","#exm-rats","Use rather than 'probabilitas zero'."
O006-L01-CAND-0027,"distribution theory","teori distribusi","distribution term","new candidate","","#exm-rats","Standard compound."
O006-L01-CAND-0028,"probability","peluang","probability term","existing exact","O006-TERM-0002","throughout","Established term."
O006-L01-CAND-0029,"event","kejadian","probability term","existing exact","O006-TERM-0003","#solution-1; #solution-2; #proof","Established term."
O006-L01-CAND-0030,"probability density function","fungsi kepadatan peluang (PDF)","distribution term","existing exact","O006-TERM-0011","#overview; #objectives; #the-basics; #probability-density-functions; #summary","Expand on first use and retain PDF; normalize source p.d.f. typography to PDF in prose."
O006-L01-CAND-0031,"density function","fungsi kepadatan","distribution term","short form of existing","O006-TERM-0011","#exm-orderstats","Use only after the full term is established."
O006-L01-CAND-0032,"cumulative distribution function","fungsi distribusi kumulatif (CDF)","distribution term","existing exact","O006-TERM-0012","#objectives; #exm-orderstats; #probability-density-functions; #summary","Expand on first use and retain CDF."
O006-L01-CAND-0033,"distribution function","fungsi distribusi","distribution term","short form of existing","O006-TERM-0012","#the-basics; #exm-orderstats","The source uses this as a shortened reference to the CDF."
O006-L01-CAND-0034,"distribution function technique","metode fungsi distribusi","distribution term","new compound","","#the-basics","Natural method name; avoid 'teknik distribusi fungsi'."
O006-L01-CAND-0035,"support","himpunan dukungan","distribution term","existing exact","O006-TERM-0009","#probability-density-functions","Use when referring to the set on which the density is supported."
O006-L01-CAND-0036,"support interval","selang dukungan","distribution term","compound from existing","O006-TERM-0009","#probability-density-functions","The source support is the interval a<y<b."
O006-L01-CAND-0037,"probability mass function","fungsi massa peluang (PMF)","distribution term","existing exact","O006-TERM-0010","#proof","Expand on first use and retain PMF."
O006-L01-CAND-0038,"binomial probability calculation","perhitungan peluang binomial","distribution term","new candidate","","#solution-1","Concise natural phrase."
O006-L01-CAND-0039,"binomial random variable","peubah acak binomial","distribution term","compound from existing","O006-TERM-0005","#solution-1; #solution-2; #proof","Capitalize Binomial only when matching a named-display style; lower-case in running prose is preferred."
O006-L01-CAND-0040,"binomial distribution","distribusi binomial","distribution term","established in Lesson00","","#summary","Match Lesson00."
O006-L01-CAND-0041,"parameter","parameter","statistical term","new candidate","","#solution-1; #solution-2; #proof","Established loanword."
O006-L01-CAND-0042,"trial","percobaan","probability term","new candidate","","#solution-1; #solution-2; #proof","Use for Bernoulli/binomial trials."
O006-L01-CAND-0043,"success (binomial trial)","keberhasilan","probability term","new candidate","","#solution-1; #solution-2; #proof","Quotation marks may be retained when the event is merely designated a success."
O006-L01-CAND-0044,"number of successes","banyaknya keberhasilan","probability term","new compound","","#solution-1; #solution-2; #proof","Use banyaknya for a count."
O006-L01-CAND-0045,"probability of success","peluang keberhasilan","probability term","compound from existing","O006-TERM-0002","#solution-2; #proof","Established binomial phrase."
O006-L01-CAND-0046,"at least","sekurang-kurangnya","quantifier","new candidate","","#solution-1; #proof","Use consistently for five or more / r or more."
O006-L01-CAND-0047,"summation notation","notasi penjumlahan","calculus term","new candidate","","#proof","Standard mathematical phrase."
O006-L01-CAND-0048,"binomial coefficient","koefisien binomial","combinatorics term","new candidate","","#solution-1; #proof","Applies to n choose k."
O006-L01-CAND-0049,"factorial","faktorial","combinatorics term","new candidate","","#exm-orderstats; #proof","Established loanword."
O006-L01-CAND-0050,"derivative","turunan","calculus term","new candidate","","#the-basics; #exm-orderstats; #proof","Use mengambil turunan for the operation."
O006-L01-CAND-0051,"differentiate with respect to y","mengambil turunan terhadap y","calculus phrase","new candidate","","#proof","More natural than the loan verb mendiferensialkan."
O006-L01-CAND-0052,"product rule","aturan hasil kali","calculus term","new candidate","","#proof","Standard calculus term."
O006-L01-CAND-0053,"chain rule","aturan rantai","calculus term","new candidate","","#proof","Standard calculus term."
O006-L01-CAND-0054,"power rule","aturan pangkat","calculus term","new candidate","","#proof","Standard calculus term."
O006-L01-CAND-0055,"term (in a sum)","suku","algebra term","new candidate","","#exm-orderstats; #proof","Do not use istilah in this mathematical context."
O006-L01-CAND-0056,"positive term","suku positif","algebra term","new compound","","#proof","Standard compound."
O006-L01-CAND-0057,"negative term","suku negatif","algebra term","new compound","","#proof","Standard compound."
O006-L01-CAND-0058,"cancel each other out","saling meniadakan","algebra phrase","new candidate","","#exm-orderstats; #proof","Natural description of algebraic cancellation."
O006-L01-CAND-0059,"calculus","kalkulus","calculus term","new candidate","","#summary","Established loanword."
O006-L01-CAND-0060,"coordinate graph","grafik koordinat","figure term","new candidate","","#exm-orderstats","For the first formula illustration."
O006-L01-CAND-0061,"number line","garis bilangan","figure term","new candidate","","#exm-orderstats","Use in corrected figure alternative text."
O006-L01-CAND-0062,"scatterplot","diagram pencar","figure term","new candidate","","#fig-stat415sec31810","Correct term, but the source use is itself erroneous and must not be propagated to this figure's alt text."
O006-L01-CAND-0063,"density plot","plot kepadatan","figure term","new candidate","","#fig-STAT-415-SEC-3-18-13.svg","Common statistical usage."
O006-L01-CAND-0064,"plot","plot","figure term","new candidate","","#exm-18-2contd","Retain the established statistical loanword."
O006-L01-CAND-0065,"figure / Fig.","Gambar","reader chrome","new candidate","","figure captions","Use Gambar 1.1, Gambar 1.2, and so on."
O006-L01-CAND-0066,"Equation","Persamaan","reader chrome","new candidate","","#proof; #eq-derivgry","Use in cross-references such as Persamaan 1.1."
O006-L01-CAND-0067,"inference problem","masalah inferensi","statistical term","new candidate","","#summary","Standard compound."
O006-L01-CAND-0068,"statistical inference","inferensi statistik","statistical term","established in Lesson00","","#summary","Match Lesson00."
O006-L01-CAND-0069,"application","penerapan","reader term","established in Lesson00","","#summary","Prefer penerapan over aplikasi for mathematical use cases."
O006-L01-CAND-0070,"STAT 415 | Introduction to Mathematical Statistics","STAT 415 | Pengantar Statistika Matematis","reader chrome","existing reader","O006-TERM-0001","page title; navbar","Match the current Indonesian reader."
O006-L01-CAND-0071,"Department of Statistics","Departemen Statistika","reader chrome","existing reader","","navbar","Match the current landing-page attribution."
O006-L01-CAND-0072,"About this course","Tentang mata kuliah ini","reader chrome","existing reader","","sidebar","Match the current landing page."
O006-L01-CAND-0073,"Lessons","Pelajaran","reader chrome","existing reader","","breadcrumb; sidebar","Match the current reader."
O006-L01-CAND-0074,"In this lesson","Dalam pelajaran ini","reader chrome","new candidate","","table of contents","Natural table-of-contents label."
O006-L01-CAND-0075,"Overview","Gambaran Umum","reader chrome","existing Lesson00","","#overview","Exact current reader wording."
O006-L01-CAND-0076,"Objectives","Tujuan","reader chrome","existing Lesson00","","#objectives","Exact current reader wording."
O006-L01-CAND-0077,"Upon completion of this lesson, you should be able to:","Setelah menyelesaikan pelajaran ini, Anda diharapkan mampu:","reader chrome","new candidate","","#objectives","Natural instructional formulation."
O006-L01-CAND-0078,"The Basics","Dasar-Dasar","section title","new candidate","","#the-basics","Concise natural title."
O006-L01-CAND-0079,"Probability Density Functions","Fungsi Kepadatan Peluang","section title","from existing glossary","O006-TERM-0011","#probability-density-functions","Do not append the acronym in the heading."
O006-L01-CAND-0080,"Summary","Ringkasan","reader chrome","new candidate","","#summary","Standard section title."
O006-L01-CAND-0081,"Key Takeaways","Pokok-Pokok Penting","reader chrome","new candidate","","#summary","Natural learner-facing label."
O006-L01-CAND-0082,"Example","Contoh","reader chrome","existing Lesson00","","examples 1.1-1.3","Match the current reader."
O006-L01-CAND-0083,"Solution","Penyelesaian","reader chrome","existing Lesson00","","solution; solution-1..4","Match the current reader and disclosure label."
O006-L01-CAND-0084,"Def. / Definition","Definisi","reader chrome","existing Lesson00","","#the-basics","Expand the abbreviation in Indonesian."
O006-L01-CAND-0085,"Theorem","Teorema","reader chrome","existing Lesson00","","#probability-density-functions","Match the current reader."
O006-L01-CAND-0086,"Proof","Bukti","reader chrome","standard candidate","","#proof","Standard mathematical label."
O006-L01-CAND-0087,"0: Review Concepts from STAT 414","0: Tinjauan Konsep dari STAT 414","pagination chrome","existing Lesson00","","previous-page link","Exact current title."
O006-L01-CAND-0088,"Estimation (Part I)","Pendugaan (Bagian I)","pagination chrome","glossary-guided override","O006-TERM-0020","next-page link","Follow the canonical glossary even though the current landing card uses Estimasi."
O006-L01-CAND-0089,"Welcome to our newly redesigned course notes! Please update your bookmarks accordingly.","Selamat datang di catatan mata kuliah kami yang baru didesain ulang! Silakan perbarui penanda Anda.","reader chrome","new candidate","","site notice","Use penanda for browser bookmark in this context."
O006-L01-CAND-0090,"Except where otherwise noted, content on this site is licensed under a CC BY-NC 4.0 license.","Kecuali dinyatakan lain, konten di situs ini dilisensikan berdasarkan lisensi CC BY-NC 4.0.","rights chrome","new candidate","","footer","Preserve the exact license identifier and exception qualifier."
O006-L01-CAND-0091,"Privacy","Privasi","footer chrome","new candidate","","footer","Standard UI term."
O006-L01-CAND-0092,"Accessibility","Aksesibilitas","footer chrome","new candidate","","footer","Standard UI term."
O006-L01-CAND-0093,"Copyright","Hak Cipta","footer chrome","new candidate","","footer","Standard legal/UI term."
O006-L01-CAND-0094,"Leave Us Feedback","Beri Kami Masukan","footer chrome","new candidate","","footer","Natural call to action."
